-- --------------------------------------------------------
-- Host:                         184.154.216.243
-- Versión del servidor:         10.0.31-MariaDB-cll-lve - MariaDB Server
-- SO del servidor:              Linux
-- HeidiSQL Versión:             9.5.0.5196
-- --------------------------------------------------------

/*!40101 SET @OLD_CHARACTER_SET_CLIENT=@@CHARACTER_SET_CLIENT */;
/*!40101 SET NAMES utf8 */;
/*!50503 SET NAMES utf8mb4 */;
/*!40014 SET @OLD_FOREIGN_KEY_CHECKS=@@FOREIGN_KEY_CHECKS, FOREIGN_KEY_CHECKS=0 */;
/*!40101 SET @OLD_SQL_MODE=@@SQL_MODE, SQL_MODE='NO_AUTO_VALUE_ON_ZERO' */;

-- Volcando estructura para tabla gomcommx_qa-rh-evaluaciones.auth_assignment
CREATE TABLE IF NOT EXISTS `auth_assignment` (
  `item_name` varchar(64) NOT NULL,
  `user_id` int(10) unsigned NOT NULL,
  `created_at` int(11) DEFAULT NULL,
  PRIMARY KEY (`item_name`,`user_id`),
  KEY `auth_assignment_user_id_idx` (`user_id`),
  CONSTRAINT `FK_auth_assignment_mod_usuarios_ent_usuarios` FOREIGN KEY (`user_id`) REFERENCES `mod_usuarios_ent_usuarios` (`id_usuario`),
  CONSTRAINT `auth_assignment_ibfk_1` FOREIGN KEY (`item_name`) REFERENCES `auth_item` (`name`) ON DELETE CASCADE ON UPDATE CASCADE
) ENGINE=InnoDB DEFAULT CHARSET=utf8;

-- Volcando datos para la tabla gomcommx_qa-rh-evaluaciones.auth_assignment: ~0 rows (aproximadamente)
/*!40000 ALTER TABLE `auth_assignment` DISABLE KEYS */;
INSERT INTO `auth_assignment` (`item_name`, `user_id`, `created_at`) VALUES
	('administrador', 184, NULL);
/*!40000 ALTER TABLE `auth_assignment` ENABLE KEYS */;

-- Volcando estructura para tabla gomcommx_qa-rh-evaluaciones.auth_item
CREATE TABLE IF NOT EXISTS `auth_item` (
  `name` varchar(64) NOT NULL,
  `type` smallint(6) NOT NULL,
  `description` text,
  `rule_name` varchar(64) DEFAULT NULL,
  `data` blob,
  `created_at` int(11) DEFAULT NULL,
  `updated_at` int(11) DEFAULT NULL,
  PRIMARY KEY (`name`),
  KEY `rule_name` (`rule_name`),
  KEY `type` (`type`),
  CONSTRAINT `auth_item_ibfk_1` FOREIGN KEY (`rule_name`) REFERENCES `auth_rule` (`name`) ON DELETE SET NULL ON UPDATE CASCADE
) ENGINE=InnoDB DEFAULT CHARSET=utf8;

-- Volcando datos para la tabla gomcommx_qa-rh-evaluaciones.auth_item: ~3 rows (aproximadamente)
/*!40000 ALTER TABLE `auth_item` DISABLE KEYS */;
INSERT INTO `auth_item` (`name`, `type`, `description`, `rule_name`, `data`, `created_at`, `updated_at`) VALUES
	('admin', 1, NULL, NULL, NULL, 1507680815, 1507680815),
	('administrador', 1, 'Administrador sistema', NULL, NULL, 1507680815, 1507680815),
	('usuario-normal', 1, 'Usuario', NULL, NULL, 1507680815, 1507680815);
/*!40000 ALTER TABLE `auth_item` ENABLE KEYS */;

-- Volcando estructura para tabla gomcommx_qa-rh-evaluaciones.auth_item_child
CREATE TABLE IF NOT EXISTS `auth_item_child` (
  `parent` varchar(64) NOT NULL,
  `child` varchar(64) NOT NULL,
  PRIMARY KEY (`parent`,`child`),
  KEY `child` (`child`),
  CONSTRAINT `auth_item_child_ibfk_1` FOREIGN KEY (`parent`) REFERENCES `auth_item` (`name`) ON DELETE CASCADE ON UPDATE CASCADE,
  CONSTRAINT `auth_item_child_ibfk_2` FOREIGN KEY (`child`) REFERENCES `auth_item` (`name`) ON DELETE CASCADE ON UPDATE CASCADE
) ENGINE=InnoDB DEFAULT CHARSET=utf8;

-- Volcando datos para la tabla gomcommx_qa-rh-evaluaciones.auth_item_child: ~2 rows (aproximadamente)
/*!40000 ALTER TABLE `auth_item_child` DISABLE KEYS */;
INSERT INTO `auth_item_child` (`parent`, `child`) VALUES
	('admin', 'administrador'),
	('administrador', 'usuario-normal');
/*!40000 ALTER TABLE `auth_item_child` ENABLE KEYS */;

-- Volcando estructura para tabla gomcommx_qa-rh-evaluaciones.auth_rule
CREATE TABLE IF NOT EXISTS `auth_rule` (
  `name` varchar(64) NOT NULL,
  `data` blob,
  `created_at` int(11) DEFAULT NULL,
  `updated_at` int(11) DEFAULT NULL,
  PRIMARY KEY (`name`)
) ENGINE=InnoDB DEFAULT CHARSET=utf8;

-- Volcando datos para la tabla gomcommx_qa-rh-evaluaciones.auth_rule: ~0 rows (aproximadamente)
/*!40000 ALTER TABLE `auth_rule` DISABLE KEYS */;
/*!40000 ALTER TABLE `auth_rule` ENABLE KEYS */;

-- Volcando estructura para tabla gomcommx_qa-rh-evaluaciones.cat_areas
CREATE TABLE IF NOT EXISTS `cat_areas` (
  `id_area` int(10) unsigned NOT NULL AUTO_INCREMENT,
  `txt_nombre` varchar(100) NOT NULL,
  `b_habilitado` int(1) unsigned NOT NULL DEFAULT '1',
  PRIMARY KEY (`id_area`)
) ENGINE=InnoDB DEFAULT CHARSET=latin1;

-- Volcando datos para la tabla gomcommx_qa-rh-evaluaciones.cat_areas: ~6 rows (aproximadamente)
/*!40000 ALTER TABLE `cat_areas` DISABLE KEYS */;
INSERT INTO `cat_areas` (`id_area`, `txt_nombre`, `b_habilitado`) VALUES
	(1, 'Administración / Com. y R.H', 1),
	(2, 'Centros Comerciales', 1),
	(3, 'Construcción ', 1),
	(4, 'Creativo', 1),
	(5, 'Cuentas', 1),
	(6, 'Producción', 1);
/*!40000 ALTER TABLE `cat_areas` ENABLE KEYS */;

-- Volcando estructura para tabla gomcommx_qa-rh-evaluaciones.cat_niveles
CREATE TABLE IF NOT EXISTS `cat_niveles` (
  `id_nivel` int(10) unsigned NOT NULL AUTO_INCREMENT,
  `txt_nombre` varchar(100) NOT NULL,
  `txt_descripcion` varchar(500) DEFAULT NULL,
  `b_habilitado` int(10) unsigned NOT NULL DEFAULT '1',
  PRIMARY KEY (`id_nivel`)
) ENGINE=InnoDB DEFAULT CHARSET=latin1;

-- Volcando datos para la tabla gomcommx_qa-rh-evaluaciones.cat_niveles: ~3 rows (aproximadamente)
/*!40000 ALTER TABLE `cat_niveles` DISABLE KEYS */;
INSERT INTO `cat_niveles` (`id_nivel`, `txt_nombre`, `txt_descripcion`, `b_habilitado`) VALUES
	(1, 'A', NULL, 1),
	(2, 'B', NULL, 1),
	(3, 'C', NULL, 1);
/*!40000 ALTER TABLE `cat_niveles` ENABLE KEYS */;

-- Volcando estructura para tabla gomcommx_qa-rh-evaluaciones.cat_tipo_pregunta
CREATE TABLE IF NOT EXISTS `cat_tipo_pregunta` (
  `id_tipo_pregunta` int(10) unsigned NOT NULL AUTO_INCREMENT,
  `txt_nombre` varchar(100) NOT NULL,
  `b_habilitado` int(1) unsigned NOT NULL DEFAULT '1',
  PRIMARY KEY (`id_tipo_pregunta`)
) ENGINE=InnoDB DEFAULT CHARSET=latin1;

-- Volcando datos para la tabla gomcommx_qa-rh-evaluaciones.cat_tipo_pregunta: ~0 rows (aproximadamente)
/*!40000 ALTER TABLE `cat_tipo_pregunta` DISABLE KEYS */;
INSERT INTO `cat_tipo_pregunta` (`id_tipo_pregunta`, `txt_nombre`, `b_habilitado`) VALUES
	(1, 'Opcion multiple', 1);
/*!40000 ALTER TABLE `cat_tipo_pregunta` ENABLE KEYS */;

-- Volcando estructura para tabla gomcommx_qa-rh-evaluaciones.ent_cuestionario
CREATE TABLE IF NOT EXISTS `ent_cuestionario` (
  `id_cuestionario` int(10) unsigned NOT NULL AUTO_INCREMENT,
  `id_evaluacion` int(10) unsigned NOT NULL,
  `txt_nombre` varchar(100) NOT NULL,
  `fch_creacion` timestamp NOT NULL DEFAULT CURRENT_TIMESTAMP,
  PRIMARY KEY (`id_cuestionario`),
  KEY `FK__ent_evaluaciones` (`id_evaluacion`),
  CONSTRAINT `FK__ent_evaluaciones` FOREIGN KEY (`id_evaluacion`) REFERENCES `ent_evaluaciones` (`id_evaluacion`) ON DELETE CASCADE ON UPDATE CASCADE
) ENGINE=InnoDB DEFAULT CHARSET=latin1;

-- Volcando datos para la tabla gomcommx_qa-rh-evaluaciones.ent_cuestionario: ~6 rows (aproximadamente)
/*!40000 ALTER TABLE `ent_cuestionario` DISABLE KEYS */;
INSERT INTO `ent_cuestionario` (`id_cuestionario`, `id_evaluacion`, `txt_nombre`, `fch_creacion`) VALUES
	(1, 1, 'Orientación al logro y resultados', '2017-12-07 16:34:00'),
	(2, 1, 'Solución de conflictos y negociación', '2017-12-08 14:56:04'),
	(3, 1, 'Orientación al cliente', '2017-12-09 13:46:51'),
	(4, 1, 'Trabajo en equipo', '2017-12-09 13:50:01'),
	(5, 1, 'Aprendizaje continuo', '2017-12-09 13:50:09'),
	(6, 1, 'Liderazgo', '2017-12-09 13:51:34');
/*!40000 ALTER TABLE `ent_cuestionario` ENABLE KEYS */;

-- Volcando estructura para tabla gomcommx_qa-rh-evaluaciones.ent_evaluaciones
CREATE TABLE IF NOT EXISTS `ent_evaluaciones` (
  `id_evaluacion` int(10) unsigned NOT NULL AUTO_INCREMENT,
  `txt_nombre` varchar(100) NOT NULL,
  `txt_descripcion` varchar(500) NOT NULL,
  `fch_inicio` timestamp NOT NULL DEFAULT CURRENT_TIMESTAMP ON UPDATE CURRENT_TIMESTAMP,
  `fch_fin` timestamp NOT NULL DEFAULT '0000-00-00 00:00:00',
  `b_habilitado` int(1) NOT NULL DEFAULT '1',
  PRIMARY KEY (`id_evaluacion`)
) ENGINE=InnoDB DEFAULT CHARSET=latin1;

-- Volcando datos para la tabla gomcommx_qa-rh-evaluaciones.ent_evaluaciones: ~0 rows (aproximadamente)
/*!40000 ALTER TABLE `ent_evaluaciones` DISABLE KEYS */;
INSERT INTO `ent_evaluaciones` (`id_evaluacion`, `txt_nombre`, `txt_descripcion`, `fch_inicio`, `fch_fin`, `b_habilitado`) VALUES
	(1, 'Evaluacion 2018', 'Evaluacion 2018', '2017-12-07 16:33:01', '2018-01-01 16:33:01', 1);
/*!40000 ALTER TABLE `ent_evaluaciones` ENABLE KEYS */;

-- Volcando estructura para tabla gomcommx_qa-rh-evaluaciones.ent_preguntas
CREATE TABLE IF NOT EXISTS `ent_preguntas` (
  `id_pregunta` int(10) unsigned NOT NULL AUTO_INCREMENT,
  `id_cuestionario` int(10) unsigned NOT NULL,
  `id_tipo_pregunta` int(10) unsigned NOT NULL,
  `txt_pregunta` text NOT NULL,
  `b_habilitado` int(1) NOT NULL DEFAULT '1',
  PRIMARY KEY (`id_pregunta`),
  KEY `FK__cat_tipo_pregunta` (`id_tipo_pregunta`),
  KEY `FK_ent_preguntas_ent_cuestionario` (`id_cuestionario`),
  CONSTRAINT `FK__cat_tipo_pregunta` FOREIGN KEY (`id_tipo_pregunta`) REFERENCES `cat_tipo_pregunta` (`id_tipo_pregunta`) ON DELETE CASCADE ON UPDATE CASCADE,
  CONSTRAINT `FK_ent_preguntas_ent_cuestionario` FOREIGN KEY (`id_cuestionario`) REFERENCES `ent_cuestionario` (`id_cuestionario`) ON DELETE CASCADE ON UPDATE CASCADE
) ENGINE=InnoDB DEFAULT CHARSET=latin1;

-- Volcando datos para la tabla gomcommx_qa-rh-evaluaciones.ent_preguntas: ~48 rows (aproximadamente)
/*!40000 ALTER TABLE `ent_preguntas` DISABLE KEYS */;
INSERT INTO `ent_preguntas` (`id_pregunta`, `id_cuestionario`, `id_tipo_pregunta`, `txt_pregunta`, `b_habilitado`) VALUES
	(5, 1, 1, 'Hace bien y correctamente su trabajo en cualquier proyecto y situación?', 1),
	(6, 1, 1, 'Le hace saber a sus jefes y compañeros su deseo por hacer mejor su trabajo continuamente?', 1),
	(7, 1, 1, 'Utiliza herramientas de comparación para conocer con exactitud sus logros y avances?', 1),
	(8, 1, 1, 'Puede enfocarse a nuevas y más precisas maneras de cumplir con las metas establecidas por la gerencia?', 1),
	(9, 1, 1, 'Propone cambios  en los métodos de trabajo  para mejorar su desempeño?', 1),
	(10, 1, 1, 'Promueve  acciones especificas conseguir resultados únicos y específicos?', 1),
	(11, 1, 1, 'Toma decisiones, establece prioridades o determina metas calculadas?', 1),
	(12, 1, 1, 'Obtiene métricas y analiza los resultados de los proyectos o programas establecidos.?', 1),
	(13, 3, 1, 'Cuando se le pide da respuesta oportuna a las solicitudes,  preguntas y  quejas del cliente (interno y/o externo)?', 1),
	(14, 3, 1, 'Retroalimenta al cliente sobre el progreso y necesidades de sus proyectos?', 1),
	(15, 3, 1, 'Mantiene   una   comunicación clara  con  el  cliente  respecto  a  las expectativas mutuas?', 1),
	(16, 3, 1, 'Da seguimiento a  la satisfacción del cliente?', 1),
	(17, 3, 1, 'Se hace responsable de corregir los problemas en el servicio al cliente?', 1),
	(18, 3, 1, 'Corrige los problemas rápidamente  y  sin excusas, aun cuando implique un costo?', 1),
	(19, 3, 1, 'Hace intentos concretos para añadir valor al cliente?', 1),
	(21, 3, 1, 'Alinea las necesidades del cliente con los servicios disponibles o a la medida?', 1),
	(22, 5, 1, 'Hace preguntas directas a las personas que se encuentran a su alrededor, personas que están directamente involucradas en la situación?', 1),
	(23, 5, 1, 'Utiliza información que tiene a la vista y consulta otros recursos disponibles?', 1),
	(24, 5, 1, 'Investiga el problema o la situación más allá de preguntas básicas o de costumbre?', 1),
	(25, 5, 1, 'Conoce sus necesidades de desarrollo profesional e inicia actividades concretas para obtener nuevo conocimiento?', 1),
	(26, 5, 1, 'Invita  a otros que estén más involucrados personalmente,  para obtener su punto de vista,  experiencia o  información  sobre los antecedentes,  etc.?', 1),
	(27, 5, 1, 'No se detiene con la primera respuesta, encuentra información por sus medios para obtener un mejor resultado?', 1),
	(28, 5, 1, 'Investiga a fondo las nuevas tendencias y no se conforma con lo ya aprendido?', 1),
	(29, 5, 1, 'Hace investigación formal solo o en equipo a través de estudios, sistemas de investigación, investigaciones de mercado, financieras y de la competencia.?', 1),
	(31, 6, 1, 'Cuándo se presenta un proyecto específico, implementa acciones contundentes para mejorar el desempeño de su equipo?', 1),
	(32, 6, 1, 'Al momento de evaluar la participación de un proyecto, muestra objetivos y metas claras de dicha medición?', 1),
	(33, 6, 1, 'Para logra mejores resultados, orienta y motiva a su equipo.?', 1),
	(34, 6, 1, 'Cuando el proyecto así lo requiere, motiva a su equipo de trabajo, así como a todos los que participan de éste, conoce la importancia de cada pieza en la empresa para lograr?', 1),
	(35, 6, 1, 'En las reuniones de trabajo, no solo piensa que la opinión de todos siempre es fundamental para tomar mejores, si no que se puede observar la participación del equipo en la ejecución de los proyectos.?', 1),
	(36, 6, 1, 'Busca el compromiso de su equipo de trabajo?', 1),
	(37, 6, 1, 'Busca diferentes métodos para mantener motivados a sus colaboradores.?', 1),
	(38, 6, 1, 'Aún y cuando la situación no le es favorable, busca estrategias para que sus colaboradores acepten sus ideas y objetivos.?', 1),
	(39, 4, 1, 'Muestra mayor interés por los resultados que consiga el equipo que a sus intereses personales dentro de la empresa.?', 1),
	(40, 4, 1, 'Participa con el equipo de trabajo que le sea asignado, aún y cuando lleva poco de conocerlos o sea la primera vez que colabora en un equipo con dichas personas.?', 1),
	(41, 4, 1, 'Valora el trabajo y respeta a cada persona del equipo?', 1),
	(42, 4, 1, 'Colabora con el equipo de trabajo aún y cuando los tiempos de entrega están muy ajustados o ya se han vencido.?', 1),
	(43, 4, 1, 'En situaciones adversas, muestra interés en saber cómo puede colaborar para que el equipo logre sus metas. ?', 1),
	(44, 4, 1, 'Establece relaciones cordiales dentro del equipo de trabajo que le sea asignado?', 1),
	(45, 4, 1, 'Apoya a otros equipos de trabajo de la empresa aún y cuando no es un proyecto encomendado a su área.?', 1),
	(46, 4, 1, 'Ejecuta todas las tareas que les son asignadas en el equipo.?', 1),
	(47, 2, 1, 'En situaciones de conflicto, logra acuerdos para resolverlos entre las partes?', 1),
	(48, 2, 1, 'Prefiere entender el punto de vista de los demás ante una situación, para invitarlos a resolver las situaciones desfavorables que se puedan presentar?', 1),
	(49, 2, 1, 'Escucha los intereses de las personas, para prevenir posibles desacuerdos innecesarios?', 1),
	(50, 2, 1, 'Busca soluciones que favorezca a ambas partes y por lo general las personas acuerdan por convicción?', 1),
	(51, 2, 1, 'Promueve una cultura de colaboración y mutuo acuerdo para la solución de conflictos.?', 1),
	(52, 2, 1, 'Utiliza técnicas de negociación muy claras?', 1),
	(53, 2, 1, 'Participa en la solución de conflictos a favor de los interés para la empresa.?', 1),
	(54, 2, 1, 'Le gusta tomar las mejores decisiones escuchando a su equipo de trabajo y negociando con otras áreas o clientes externos.?', 1);
/*!40000 ALTER TABLE `ent_preguntas` ENABLE KEYS */;

-- Volcando estructura para tabla gomcommx_qa-rh-evaluaciones.ent_respuestas
CREATE TABLE IF NOT EXISTS `ent_respuestas` (
  `id_respuesta` int(10) unsigned NOT NULL AUTO_INCREMENT,
  `id_cuestionario` int(10) unsigned NOT NULL,
  `id_area` int(10) unsigned NOT NULL,
  `id_nivel` int(10) unsigned DEFAULT NULL,
  `id_usuario` int(10) unsigned NOT NULL,
  `id_usuario_evaluado` int(10) unsigned NOT NULL,
  `fch_creacion` timestamp NOT NULL DEFAULT CURRENT_TIMESTAMP,
  PRIMARY KEY (`id_respuesta`),
  KEY `FK__ent_cuestionario` (`id_cuestionario`),
  KEY `FK_ent_respuestas_mod_usuarios_ent_usuarios` (`id_usuario`),
  KEY `FK_ent_respuestas_mod_usuarios_ent_usuarios_2` (`id_usuario_evaluado`),
  KEY `FK_ent_respuestas_cat_areas_resp` (`id_area`),
  KEY `FK_ent_respuestas_cat_niveles` (`id_nivel`),
  CONSTRAINT `FK_ent_respuestas_cat_areas_resp` FOREIGN KEY (`id_area`) REFERENCES `cat_areas` (`id_area`),
  CONSTRAINT `FK_ent_respuestas_cat_niveles` FOREIGN KEY (`id_nivel`) REFERENCES `cat_niveles` (`id_nivel`),
  CONSTRAINT `FK_ent_respuestas_ent_cuestionario` FOREIGN KEY (`id_cuestionario`) REFERENCES `ent_cuestionario` (`id_cuestionario`),
  CONSTRAINT `FK_ent_respuestas_mod_usuarios_ent_usuarios` FOREIGN KEY (`id_usuario`) REFERENCES `mod_usuarios_ent_usuarios` (`id_usuario`),
  CONSTRAINT `FK_ent_respuestas_mod_usuarios_ent_usuarios_2` FOREIGN KEY (`id_usuario_evaluado`) REFERENCES `mod_usuarios_ent_usuarios` (`id_usuario`)
) ENGINE=InnoDB DEFAULT CHARSET=latin1;

-- Volcando datos para la tabla gomcommx_qa-rh-evaluaciones.ent_respuestas: ~47 rows (aproximadamente)
/*!40000 ALTER TABLE `ent_respuestas` DISABLE KEYS */;
INSERT INTO `ent_respuestas` (`id_respuesta`, `id_cuestionario`, `id_area`, `id_nivel`, `id_usuario`, `id_usuario_evaluado`, `fch_creacion`) VALUES
	(224, 2, 6, 1, 195, 196, '2018-01-12 00:00:52'),
	(225, 4, 6, 1, 195, 196, '2018-01-12 00:00:56'),
	(226, 6, 6, 1, 195, 196, '2018-01-12 00:00:59'),
	(227, 5, 6, 1, 195, 196, '2018-01-12 00:01:01'),
	(228, 3, 6, 1, 195, 196, '2018-01-12 00:01:02'),
	(229, 1, 6, 1, 195, 196, '2018-01-12 00:01:03'),
	(230, 2, 1, 2, 195, 198, '2018-01-12 00:01:56'),
	(231, 4, 1, 2, 195, 198, '2018-01-12 00:01:57'),
	(232, 6, 1, 2, 195, 198, '2018-01-12 00:01:58'),
	(233, 5, 1, 2, 195, 198, '2018-01-12 00:01:58'),
	(234, 3, 1, 2, 195, 198, '2018-01-12 00:02:00'),
	(235, 1, 1, 2, 195, 198, '2018-01-12 00:02:01'),
	(236, 2, 5, 2, 195, 197, '2018-01-12 00:02:53'),
	(237, 4, 5, 2, 195, 197, '2018-01-12 00:02:53'),
	(238, 6, 5, 2, 195, 197, '2018-01-12 00:02:54'),
	(239, 5, 5, 2, 195, 197, '2018-01-12 00:02:55'),
	(240, 3, 5, 2, 195, 197, '2018-01-12 00:02:56'),
	(241, 1, 5, 2, 195, 197, '2018-01-12 00:02:57'),
	(242, 2, 5, 2, 195, 209, '2018-01-12 00:03:54'),
	(243, 4, 5, 2, 195, 209, '2018-01-12 00:03:55'),
	(244, 6, 5, 2, 195, 209, '2018-01-12 00:03:55'),
	(245, 5, 5, 2, 195, 209, '2018-01-12 00:04:00'),
	(246, 3, 5, 2, 195, 209, '2018-01-12 00:04:01'),
	(247, 1, 5, 2, 195, 209, '2018-01-12 00:04:01'),
	(248, 4, 5, 2, 195, 211, '2018-01-12 00:04:48'),
	(249, 2, 5, 2, 195, 211, '2018-01-12 00:05:00'),
	(250, 6, 5, 2, 195, 211, '2018-01-12 00:05:04'),
	(251, 5, 5, 2, 195, 211, '2018-01-12 00:05:05'),
	(252, 3, 5, 2, 195, 211, '2018-01-12 00:05:07'),
	(253, 1, 5, 2, 195, 211, '2018-01-12 00:05:08'),
	(254, 2, 4, 1, 195, 218, '2018-01-12 00:06:47'),
	(255, 4, 4, 1, 195, 218, '2018-01-12 00:06:48'),
	(256, 6, 4, 1, 195, 218, '2018-01-12 00:06:49'),
	(257, 5, 4, 1, 195, 218, '2018-01-12 00:06:49'),
	(258, 3, 4, 1, 195, 218, '2018-01-12 00:06:50'),
	(259, 1, 4, 1, 195, 218, '2018-01-12 00:06:51'),
	(260, 2, 1, 3, 195, 194, '2018-01-12 00:07:40'),
	(261, 4, 1, 3, 195, 194, '2018-01-12 00:07:41'),
	(262, 5, 1, 3, 195, 194, '2018-01-12 00:07:42'),
	(263, 3, 1, 3, 195, 194, '2018-01-12 00:07:43'),
	(264, 1, 1, 3, 195, 194, '2018-01-12 00:07:43'),
	(265, 2, 5, 2, 195, 225, '2018-01-12 00:08:44'),
	(266, 4, 5, 2, 195, 225, '2018-01-12 00:08:45'),
	(267, 6, 5, 2, 195, 225, '2018-01-12 00:08:46'),
	(268, 5, 5, 2, 195, 225, '2018-01-12 00:08:47'),
	(269, 3, 5, 2, 195, 225, '2018-01-12 00:08:48'),
	(270, 1, 5, 2, 195, 225, '2018-01-12 00:08:49'),
	(271, 2, 5, 3, 195, 228, '2018-01-12 00:09:41'),
	(272, 4, 5, 3, 195, 228, '2018-01-12 00:09:42'),
	(273, 5, 5, 3, 195, 228, '2018-01-12 00:09:43'),
	(274, 3, 5, 3, 195, 228, '2018-01-12 00:09:44'),
	(275, 1, 5, 3, 195, 228, '2018-01-12 00:09:44'),
	(276, 2, 2, 1, 195, 200, '2018-01-12 00:10:51'),
	(277, 4, 2, 1, 195, 200, '2018-01-12 00:10:51'),
	(278, 6, 2, 1, 195, 200, '2018-01-12 00:10:52'),
	(279, 5, 2, 1, 195, 200, '2018-01-12 00:10:53'),
	(280, 3, 2, 1, 195, 200, '2018-01-12 00:10:54'),
	(281, 1, 2, 1, 195, 200, '2018-01-12 00:10:55'),
	(282, 2, 5, 3, 195, 230, '2018-01-12 00:11:49'),
	(283, 4, 5, 3, 195, 230, '2018-01-12 00:11:51'),
	(284, 5, 5, 3, 195, 230, '2018-01-12 00:11:51'),
	(285, 3, 5, 3, 195, 230, '2018-01-12 00:11:52'),
	(286, 1, 5, 3, 195, 230, '2018-01-12 00:11:53'),
	(287, 4, 5, 1, 195, 195, '2018-01-12 00:13:36'),
	(288, 6, 5, 1, 195, 195, '2018-01-12 00:13:37'),
	(289, 5, 5, 1, 195, 195, '2018-01-12 00:13:37'),
	(290, 3, 5, 1, 195, 195, '2018-01-12 00:13:38'),
	(291, 1, 5, 1, 195, 195, '2018-01-12 00:13:39'),
	(292, 2, 5, 1, 195, 195, '2018-01-12 00:13:52'),
	(293, 2, 1, 2, 195, 193, '2018-01-12 00:14:57'),
	(294, 4, 1, 2, 195, 193, '2018-01-12 00:15:00'),
	(295, 6, 1, 2, 195, 193, '2018-01-12 00:15:01'),
	(296, 3, 1, 2, 195, 193, '2018-01-12 00:15:04'),
	(297, 1, 1, 2, 195, 193, '2018-01-12 00:15:05'),
	(298, 5, 1, 2, 195, 193, '2018-01-12 00:15:07');
/*!40000 ALTER TABLE `ent_respuestas` ENABLE KEYS */;

-- Volcando estructura para tabla gomcommx_qa-rh-evaluaciones.mod_usuarios_cat_status_sesiones
CREATE TABLE IF NOT EXISTS `mod_usuarios_cat_status_sesiones` (
  `id_status` int(10) unsigned NOT NULL AUTO_INCREMENT,
  `txt_nombre` varchar(50) NOT NULL COMMENT 'Estatus de la sesión',
  `txt_descripcion` varchar(500) DEFAULT NULL COMMENT 'Descripción del elemento',
  `b_habilitado` int(10) unsigned NOT NULL DEFAULT '1' COMMENT 'Booleano para saber si el registro esta habilitado',
  PRIMARY KEY (`id_status`)
) ENGINE=InnoDB DEFAULT CHARSET=utf8;

-- Volcando datos para la tabla gomcommx_qa-rh-evaluaciones.mod_usuarios_cat_status_sesiones: ~3 rows (aproximadamente)
/*!40000 ALTER TABLE `mod_usuarios_cat_status_sesiones` DISABLE KEYS */;
INSERT INTO `mod_usuarios_cat_status_sesiones` (`id_status`, `txt_nombre`, `txt_descripcion`, `b_habilitado`) VALUES
	(1, 'Sesión iniciada', 'Sesión se ha iniciado y se encuentra activa', 1),
	(2, 'Sesión finalizada', 'Sesión se ha finalizado correctamente', 1),
	(3, 'Sesión finalizada incorrectamente', 'Sesión se ha finalizado por tiempo de expiración u otro problema', 1);
/*!40000 ALTER TABLE `mod_usuarios_cat_status_sesiones` ENABLE KEYS */;

-- Volcando estructura para tabla gomcommx_qa-rh-evaluaciones.mod_usuarios_cat_status_usuarios
CREATE TABLE IF NOT EXISTS `mod_usuarios_cat_status_usuarios` (
  `id_status` int(10) unsigned NOT NULL AUTO_INCREMENT,
  `txt_nombre` varchar(50) NOT NULL COMMENT 'Estatus del usuario',
  `txt_descripcion` varchar(500) DEFAULT NULL COMMENT 'Descripción del elemento',
  `b_habilitado` int(10) unsigned NOT NULL DEFAULT '1' COMMENT 'Booleano para saber si el registro esta habilitado',
  PRIMARY KEY (`id_status`)
) ENGINE=InnoDB DEFAULT CHARSET=utf8;

-- Volcando datos para la tabla gomcommx_qa-rh-evaluaciones.mod_usuarios_cat_status_usuarios: ~3 rows (aproximadamente)
/*!40000 ALTER TABLE `mod_usuarios_cat_status_usuarios` DISABLE KEYS */;
INSERT INTO `mod_usuarios_cat_status_usuarios` (`id_status`, `txt_nombre`, `txt_descripcion`, `b_habilitado`) VALUES
	(1, 'Pendiente activacion', 'Usuario se ha registrado pero aún no activa su cuenta', 1),
	(2, 'Usuario activado', 'Usuario ha activado su cuenta', 1),
	(3, 'Usuario bloqueado', 'Usuario bloqueado', 1);
/*!40000 ALTER TABLE `mod_usuarios_cat_status_usuarios` ENABLE KEYS */;

-- Volcando estructura para tabla gomcommx_qa-rh-evaluaciones.mod_usuarios_cat_tipos_usuarios
CREATE TABLE IF NOT EXISTS `mod_usuarios_cat_tipos_usuarios` (
  `id_tipo_usuario` int(10) unsigned NOT NULL AUTO_INCREMENT,
  `txt_nombre` varchar(100) NOT NULL,
  `txt_descripcion` varchar(500) NOT NULL,
  `b_habiliado` int(10) unsigned NOT NULL DEFAULT '1',
  PRIMARY KEY (`id_tipo_usuario`)
) ENGINE=InnoDB DEFAULT CHARSET=utf8;

-- Volcando datos para la tabla gomcommx_qa-rh-evaluaciones.mod_usuarios_cat_tipos_usuarios: ~2 rows (aproximadamente)
/*!40000 ALTER TABLE `mod_usuarios_cat_tipos_usuarios` DISABLE KEYS */;
INSERT INTO `mod_usuarios_cat_tipos_usuarios` (`id_tipo_usuario`, `txt_nombre`, `txt_descripcion`, `b_habiliado`) VALUES
	(1, 'Usuario normal', 'Usuario normal', 1),
	(2, 'Super administrador', 'Super administrador', 1);
/*!40000 ALTER TABLE `mod_usuarios_cat_tipos_usuarios` ENABLE KEYS */;

-- Volcando estructura para tabla gomcommx_qa-rh-evaluaciones.mod_usuarios_ent_sesiones
CREATE TABLE IF NOT EXISTS `mod_usuarios_ent_sesiones` (
  `id_sesion` bigint(20) unsigned NOT NULL AUTO_INCREMENT,
  `id_usuario` int(10) unsigned NOT NULL COMMENT 'Id del usuario que inicio sesión',
  `id_status` int(10) unsigned NOT NULL DEFAULT '1' COMMENT 'Status de la sesión',
  `fch_creacion` timestamp NOT NULL DEFAULT CURRENT_TIMESTAMP COMMENT 'Fecha en la que el usuario inicio sesión',
  `fch_logout` timestamp NULL DEFAULT NULL COMMENT 'Fecha en la que el usuario finalizo la sesión',
  `num_minutos_sesion` int(10) unsigned NOT NULL DEFAULT '0' COMMENT 'Minutos que duraro la sesión del usuario',
  `txt_ip` varchar(32) NOT NULL COMMENT 'Ip de donde se conecto el usuario',
  `txt_ip_logout` varchar(32) DEFAULT NULL COMMENT 'Ip de donde el usuario se desconecto',
  PRIMARY KEY (`id_sesion`),
  KEY `FK_ent_sesiones_cat_status_sesiones` (`id_status`),
  KEY `FK_ent_sesiones_ent_usuarios` (`id_usuario`),
  CONSTRAINT `FK_ent_sesiones_cat_status_sesiones` FOREIGN KEY (`id_status`) REFERENCES `mod_usuarios_cat_status_sesiones` (`id_status`),
  CONSTRAINT `FK_ent_sesiones_ent_usuarios` FOREIGN KEY (`id_usuario`) REFERENCES `mod_usuarios_ent_usuarios` (`id_usuario`) ON DELETE CASCADE
) ENGINE=InnoDB DEFAULT CHARSET=utf8;

-- Volcando datos para la tabla gomcommx_qa-rh-evaluaciones.mod_usuarios_ent_sesiones: ~0 rows (aproximadamente)
/*!40000 ALTER TABLE `mod_usuarios_ent_sesiones` DISABLE KEYS */;
/*!40000 ALTER TABLE `mod_usuarios_ent_sesiones` ENABLE KEYS */;

-- Volcando estructura para tabla gomcommx_qa-rh-evaluaciones.mod_usuarios_ent_usuarios
CREATE TABLE IF NOT EXISTS `mod_usuarios_ent_usuarios` (
  `id_usuario` int(11) unsigned NOT NULL AUTO_INCREMENT,
  `id_area` int(10) unsigned DEFAULT NULL,
  `id_nivel` int(10) unsigned DEFAULT NULL,
  `txt_auth_item` varchar(64) NOT NULL,
  `txt_token` varchar(100) NOT NULL DEFAULT '0',
  `txt_imagen` varchar(200) DEFAULT NULL,
  `txt_username` varchar(255) NOT NULL,
  `txt_apellido_paterno` varchar(30) DEFAULT NULL,
  `txt_apellido_materno` varchar(30) DEFAULT NULL,
  `txt_auth_key` varchar(32) NOT NULL,
  `txt_password_hash` varchar(255) NOT NULL,
  `txt_password_reset_token` varchar(255) DEFAULT NULL,
  `txt_email` varchar(255) NOT NULL,
  `fch_creacion` timestamp NULL DEFAULT NULL,
  `fch_actualizacion` datetime DEFAULT NULL,
  `id_status` int(10) unsigned NOT NULL DEFAULT '1',
  PRIMARY KEY (`id_usuario`),
  UNIQUE KEY `txt_token` (`txt_token`),
  UNIQUE KEY `password_reset_token` (`txt_password_reset_token`),
  KEY `FK_ent_usuarios_cat_status_usuarios` (`id_status`),
  KEY `FK_mod_usuarios_ent_usuarios_auth_item` (`txt_auth_item`),
  KEY `FK_mod_usuarios_ent_usuarios_cat_areas` (`id_area`),
  KEY `FK_mod_usuarios_ent_usuarios_cat_niveles` (`id_nivel`),
  CONSTRAINT `FK_ent_usuarios_cat_status_usuarios` FOREIGN KEY (`id_status`) REFERENCES `mod_usuarios_cat_status_usuarios` (`id_status`) ON DELETE CASCADE,
  CONSTRAINT `FK_mod_usuarios_ent_usuarios_auth_item` FOREIGN KEY (`txt_auth_item`) REFERENCES `auth_item` (`name`) ON DELETE CASCADE ON UPDATE CASCADE,
  CONSTRAINT `FK_mod_usuarios_ent_usuarios_cat_areas` FOREIGN KEY (`id_area`) REFERENCES `cat_areas` (`id_area`) ON DELETE CASCADE ON UPDATE CASCADE,
  CONSTRAINT `FK_mod_usuarios_ent_usuarios_cat_niveles` FOREIGN KEY (`id_nivel`) REFERENCES `cat_niveles` (`id_nivel`)
) ENGINE=InnoDB DEFAULT CHARSET=utf8;

-- Volcando datos para la tabla gomcommx_qa-rh-evaluaciones.mod_usuarios_ent_usuarios: ~49 rows (aproximadamente)
/*!40000 ALTER TABLE `mod_usuarios_ent_usuarios` DISABLE KEYS */;
INSERT INTO `mod_usuarios_ent_usuarios` (`id_usuario`, `id_area`, `id_nivel`, `txt_auth_item`, `txt_token`, `txt_imagen`, `txt_username`, `txt_apellido_paterno`, `txt_apellido_materno`, `txt_auth_key`, `txt_password_hash`, `txt_password_reset_token`, `txt_email`, `fch_creacion`, `fch_actualizacion`, `id_status`) VALUES
	(184, NULL, NULL, 'administrador', 'usr4373d19d514f81550e98f12c2519ad775a010b7f3fd30', NULL, 'empleado 4', 'empleado 4', 'empleado 4', '4jvXvomMNwOHuuU3_V0kWs62V9es81M8', '$2y$13$YMD1yrb5Uzuf1qblRKXgb.Yvqe0WaHgXl2xFui6XrwL7oZO2yaD2K', NULL, 'development@2gom.com.mx', '2017-11-08 04:25:20', NULL, 2),
	(193, 1, 2, 'usuario-normal', 'usr3a655e35d56166bf655359e1b9acf6315a4ed2f0b3f39', NULL, 'Sheila', 'Martínez', '', '9k00REJtQw9rHVj-VfSHNjsGasv6eKFF', '$2y$13$XyfLoBJHwH8IvbLb0yglXuDswRLOpiGdoRrjbNQI2NLJZkibZlY02', NULL, 'sheila@licuadoragroup.com', '2018-01-05 06:20:49', NULL, 2),
	(194, 1, 3, 'usuario-normal', 'usrdf75a669d89b60ac1dec49fb763068ae5a4ed33990bf0', NULL, 'Irving', 'Pliego', '', 'YuPG9nrDuIatW3iI1fJerXMexfFhsQoo', '$2y$13$e7hHEebH7D5sKrKmV0iM7.6FZ9jp3.3Pgru3A/gKI7.dryVRH5b7K', NULL, 'irving@licuadoragroup.com', '2018-01-05 06:22:02', NULL, 2),
	(195, 5, 1, 'usuario-normal', 'usrca8e71be88009e8f122c81eb1f4eebc25a4ed38429fdf', NULL, 'Sharahí', 'Zamudio', '', '7ry-ieWJtsJCtqLnCy8r87yCqoj9t0vH', '$2y$13$9hgSSw/Cgq2B1aXcLNfvx.TgaWoUmI3NAcgM.PyPbr/WhCN98vpWO', NULL, 'sharahi@licuadoragroup.com', '2018-01-05 06:23:16', NULL, 2),
	(196, 6, 1, 'usuario-normal', 'usr39fc5fc1fb1a141efd47043fe441e3455a4ed3fdaca67', NULL, 'Aletse', 'Figueroa', '', 'ZJiq9o_O-UslkTU4ehhgrSyOemTschCY', '$2y$13$xY1lfOyR8gFvOr1w06cwmO/3sIHBWV/TU8ULXQpB9XHaZdufurjx6', NULL, 'aletse@licuadoragroup.com', '2018-01-05 06:25:18', NULL, 1),
	(197, 5, 2, 'usuario-normal', 'usr5cfd26d48f860242ca111a6c85b55f455a4ed44b32721', NULL, 'Arnoldo', 'Urquides', '', '210j21bn4Gb1iHiJRSCh_sAtVrOg_EqF', '$2y$13$M2Zuq.f8RDKg8wO6yoHk2usHdA90jJT740w9RU3gk3VCyi1B8xxK6', NULL, 'arnoldo@licuadoragroup.com', '2018-01-05 06:26:35', NULL, 1),
	(198, 1, 2, 'usuario-normal', 'usr6080fab44e4ebf035ff80c27e8531a1b5a4ed4952cf5f', NULL, 'Angélica', 'Luna', '', 'ou6MdyEKQsvP8L9y-4jHTsOicQdSbygl', '$2y$13$6vT2jEdmif536tfvE7t.s.5M5BhZ5n0f1dgqiyvxruwVODDwxg.sm', NULL, 'angelica@licuadoragroup.com', '2018-01-05 06:27:49', NULL, 1),
	(199, 1, 3, 'usuario-normal', 'usr422b3e6b4ed68d76122162ed5e1441625a4ed4d9eb348', NULL, 'Nancy', 'Torres', '', 'MqRss3yKYP6RkNInAanaCO_8yevsEDHT', '$2y$13$kK9r8iqXg9GXDQfaCDAgh.0h/oeQyEZKsYt73TAzfjff..0hD77De', NULL, 'nancy@licuadoragroup.com', '2018-01-05 06:28:58', NULL, 1),
	(200, 2, 1, 'usuario-normal', 'usr1195195766793210519f91da1d9194985a4ed847c00fe', NULL, 'Karla', 'Muñoz', '', 'nd1K9ca333dQYQi1gfWy1E-eQaJciyLj', '$2y$13$03MtkUDKv353XVKP6al4He0NWW40RA9LMhaTI0.1Vbmy92nH4/joG', NULL, 'karla@licuadoragroup.com', '2018-01-05 06:43:36', NULL, 1),
	(201, 3, 1, 'usuario-normal', 'usr45ae480405109eb919004e2d47342a8d5a4ed87709a7f', NULL, 'Mirsha', 'Jiménez', '', 'NFeoF_xzh6DkIRAJHCiuOKNBLNvlJcJu', '$2y$13$uTql7CPoNy6tFT7ETTm6wutC7HzYxO0j9tlUF5zfmLOiWqnYQiz5e', NULL, 'mirsha@licuadoragroup.com', '2018-01-05 06:44:23', NULL, 1),
	(202, 6, 3, 'usuario-normal', 'usr20f4f1df19c9ce346728ef9208aa446c5a4ed8a75b8ca', NULL, 'Jadsia', 'López', '', '00Vilc4K8tZgYzabFz-xZGCAqVwvl8MS', '$2y$13$eIYhppKCBRenlshY2y4NKe/R4KQ5sNXOAPQXzbpxg4CrH4YsBaP4G', NULL, 'jadsia@licuadoragroup.com', '2018-01-05 06:45:12', NULL, 1),
	(203, NULL, 2, 'usuario-normal', 'usr213082163949e3660d65dcc1dbaee5115a538a960a53a', NULL, 'Abraham', 'Añorve', '', 'q6qxUSBcr8aHrIGiiZoTWhWLHyJ243ZQ', '$2y$13$Qbg135FKNJG8iiOQY4807uQJK4D3KcK3QuQTWW9m1OZA8AgKUAsrS', NULL, 'abraham@licuadoragroup.com', '2018-01-08 20:13:26', NULL, 1),
	(204, 3, 2, 'usuario-normal', 'usr8d286038102fa98296a6a68a55ceb9045a538aca1c90c', NULL, 'Alejandra', 'Reyes', '', 'IsvRLm06Rc4C14C7js--MkrpDY5BA2Mj', '$2y$13$y6HUOxqzuKcYdpBw0b7Am.MRVCeu/jHmmjPkCi48G0cRmMbnCY3Zq', NULL, 'alejandra@licuadoragroup.com', '2018-01-08 20:14:18', NULL, 1),
	(205, 4, 1, 'usuario-normal', 'usr4a4915f89e0b1a55efcf7a701e7560515a538af3b9333', NULL, 'Alejandro', 'Tlapa', '', 'lE77J6vlkgnQ5GDLfxGn8UBBkdjTOLUl', '$2y$13$LjgP8UOt3TqkKsxK8Pk30.yDvgulgj2mAY.gxEUjZ.HN1YBafnLaG', NULL, 'tlapa@licuadoragroup.com', '2018-01-08 20:15:00', NULL, 1),
	(206, 4, 2, 'usuario-normal', 'usrbe43eac7451051d1b6191d420d5bfc045a538b35e294f', NULL, 'Antonio', 'García', '', 'xFvgBRMextvneEqNMTcBPHW5Fow4EY7Z', '$2y$13$.YR.GVr1fgqAqViFF/WQueySntxeNQu5lQWJyVSNgLTwCLnusIHMO', NULL, 'antonio@licuadoragroup.com', '2018-01-08 20:16:06', NULL, 1),
	(207, 1, 3, 'usuario-normal', 'usr13c05b53db59536c604b215765b4e9bf5a538b66041d5', NULL, 'Armando', 'Jiménez', '', 'XvbfM4j5PVotgOn39wqFfGo9vXPMtFGz', '$2y$13$jAeWuXpihKVZE83r9newGOWCJ1cf4oygSBTtTKAJp4uTGF7uFKeDO', NULL, 'armando@licuadoragroup.com', '2018-01-08 20:16:54', NULL, 1),
	(208, 2, 2, 'usuario-normal', 'usrdf4676f0fc79f8f66c229158d95481f65a538bc94e11e', NULL, 'Brenda', 'Zavala', '', 'QMOfA4o85x6jQBFAYVlPEFFpGKGDa6i1', '$2y$13$.Pl7z2PpT7EJnZtAILfFu.O503JNSkJLR8Lk9nZ8PythiOqHfZ1YW', NULL, 'brenda@licuadoragroup.com', '2018-01-08 20:18:33', NULL, 1),
	(209, 5, 2, 'usuario-normal', 'usr805963c57197b1e3b64ac09b3cb458185a538c0fd3fc3', NULL, 'Carla', 'Arizmedi', '', 'j0EnU-ch94q1TzGWuUuiIrErbE7Ii9LW', '$2y$13$KzZkMbJC5j63k4YgO37wWOoxIaO/VSluVGyN8n6ApnAvsbZ1ONugC', NULL, 'carlaarizmendi@licuadoragroup.com', '2018-01-08 20:19:44', NULL, 1),
	(210, 3, 3, 'usuario-normal', 'usr63527cbd74fe0e414777385ba3c3814c5a538c6c596fd', NULL, 'Daniel', 'López', '', 'KlNqP9myP_WUW839wv9CoLi6kypDyXMf', '$2y$13$6UbGDJfDUqsQlc9tJKRgXOobPivAuS2cCGsRc3V4V/IIiJxRqOiYG', NULL, 'licuadorastudio@gmail.com', '2018-01-08 20:21:17', NULL, 1),
	(211, 5, 2, 'usuario-normal', 'usrf39c8bb17fff71740f34b0f9a2d739815a538caa660ae', NULL, 'Daniela', 'Burgueño', '', '27EQbbmwAYY0NKUFq5M7zipQGs9YCFAN', '$2y$13$8pD.Aimuz2a7CwIaJuCmluQQC1FpkZ9.0f9BQM7B/n3KLlNvu6q76', NULL, 'daniela@licuadoragroup.com', '2018-01-08 20:22:19', NULL, 1),
	(212, 6, 3, 'usuario-normal', 'usr57c12794798a5fef951e1fbf4db31c905a538ce2eb768', NULL, 'David', 'Amador', '', 'LcB_GJzPWjTBSEu4S6j_vaub0_xnEoKy', '$2y$13$gxgt7ioNt8JSIhnkivRAn.iqYgef.nD90L.4HFO9vppSutPO7C8Ci', NULL, 'david@licuadoragroup.com', '2018-01-08 20:23:15', NULL, 1),
	(213, 6, 2, 'usuario-normal', 'usre5074402d56c235e2aeb121003fb37c95a538d0aeb853', NULL, 'Dolores', 'Romano', '', 'hQ7moGDTMsZ-oOPgaouacgpxkRplJNvz', '$2y$13$b6xwHRyDDnsYcFrEW2TNJuovi/sqCbhKTzx0mChoLRLO2q87LtNm2', NULL, 'dolores@licuadoragroup.com', '2018-01-08 20:23:55', NULL, 1),
	(214, 3, 3, 'usuario-normal', 'usr3feee1bd1a0b10f7736f492b95929e545a538d326ba3f', NULL, 'Eduardo', 'Morales', '', 'CAN5xZVrtXCRSb0LTmbhJkBXz2Xq2Nx6', '$2y$13$sVjmqgllipwaU/f/M5gA7u.sRiD5axoj0geoShMtUu9jk3fb0ADGS', NULL, 'eduardo@licuadoragroup.com', '2018-01-08 20:24:35', NULL, 1),
	(215, 6, 2, 'usuario-normal', 'usre58cc9b35f5e393a1b74a18ed747f84c5a538d5fd92bf', NULL, 'Elder', 'Diaz', '', 'rI6FowGdQf3r5fBnygDwskJgKyhbArqb', '$2y$13$Aws1VBlQTzYB2DxF4xu5zu57j3WG/Ed6snYvo1CXIVwf2/comlJUS', NULL, 'elder@licuadoragroup.com', '2018-01-08 20:25:20', NULL, 1),
	(216, 3, 3, 'usuario-normal', 'usr76f936ab29027916262520100bf657745a53909679e32', NULL, 'Federico Raúl', 'Abad', '', 'qquKIIXTQDBa4d1JXpTfMMVSzohIMdhl', '$2y$13$oLJqpT.oGM5r7cZpiHKI..Akr3C2vD.7FsVXr275/rFeyK6IiVaDW', NULL, 'licuadorastudio2@gmail.com', '2018-01-08 20:39:03', NULL, 1),
	(217, 3, 3, 'usuario-normal', 'usr118b0bd712dd0f4630a1d1d1cf591ff55a5390cf72d28', NULL, 'Felipe', 'Garrido', ' Heredia', 'USy0_Mwhv5-k22Sw77_ozYqo60B5oCYY', '$2y$13$z0ddIKL5ke0/QhkMw5uXi.ydbl7ZBrnj8.3GGP/ZSoxDoaHzvmRJm', NULL, 'licuadorastudio3@gmail.com', '2018-01-08 20:40:00', NULL, 1),
	(218, 4, 1, 'usuario-normal', 'usr25799ac8c47f8294176b5488796f4f465a539107d9a4e', NULL, 'Fernando', 'Sánchez', '', 'OarJBOlExFGkzsfJbOYqSLydi8MzOMXw', '$2y$13$MFzUkWmTP9Y9l5TRkkZtfOhFoNaBjeiyRmYXK1sIpMxe2BpBDTC4S', NULL, 'fernando@licuadoragroup.com', '2018-01-08 20:40:56', NULL, 1),
	(219, 2, 3, 'usuario-normal', 'usr81860203482ce717cf3a91b6e7adf1b35a5394143ff29', NULL, 'Gabriela', 'Aburto', '', 'gP5RyrhKV3kMjvxat8w3CGRUt0kiS77B', '$2y$13$aJxEkj9qJcFrEAD7DwOZNuSqSgk09EBczXQ07ObQBi21DWlcYf2f2', NULL, 'gabriela@licuadoragroup.com', '2018-01-08 20:53:56', NULL, 1),
	(220, 3, 3, 'usuario-normal', 'usr1b2f0624b02914ffaadb7752c774f2345a5394eb8e549', NULL, 'Gerardo César', 'Gómez', '', '1tHPpRwjny0Na4XR7JsZjt0Rlmykvmj1', '$2y$13$BdlWVoxX42.LUECcAVtSoO6qqTKjLjlzxZWIaFvnIfuxuVI2VCyM2', NULL, 'licuadorastudio4@gmail.com', '2018-01-08 20:57:32', NULL, 1),
	(221, 3, 3, 'usuario-normal', 'usr493be6e98c4df51a7b1e86dfcd2dbd245a539553db3bd', NULL, 'Irma Teresa', 'Carmona', '', 'VFvmWL2uAKB2F1ou9x3UI3fCq9CnGWOD', '$2y$13$yfVcVNvOg8YVmQqZcq3U1.hfveLsd3XPGk4WwepBdECnbmSIkHl7K', NULL, 'licuadorastudio5@gmail.com', '2018-01-08 20:59:16', NULL, 1),
	(222, 2, 3, 'usuario-normal', 'usr6c5aa7402437405aa7f2ee6ab3b222af5a5395bb2365b', NULL, 'Javier', 'Hernández', '', 't6OKC2Rpts0_z-cFJt0WQD9MnT0pd2WM', '$2y$13$sE1gLCFnwV4AjOvrD0mODuKZXOFBmHCgPF1VgmSG4Fssh9j.PRPhG', NULL, 'javierh@licuadoragroup.com', '2018-01-08 21:00:59', NULL, 1),
	(223, 4, 2, 'usuario-normal', 'usr9599bce43bafdc088f87797de130c2705a53964a2dbf8', NULL, 'Javier', 'Martínez', '', 'an0pzMaOIjq7g-kNP7KW_TawOwD62VdU', '$2y$13$G0cY0fxy8ViLzeHPDf160.lKba1nOO8X6ePWwolcEFzyhw05aCBoO', NULL, 'javier@licuadoragroup.com', '2018-01-08 21:03:22', NULL, 1),
	(224, 3, 3, 'usuario-normal', 'usr7646edf5e98773407ac28e16f5e5a7555a53969223429', NULL, 'Javier', 'Ortega', '', 'NKVXXC6bOh3mH7bKQ4UdJxsLUgoqZfqH', '$2y$13$SPMJBviCgI6o7wUTBwCZV.AYhFBzNR.ZWCrYwpxCelZqtWtcmwvJC', NULL, 'licuadorastudio6@gmail.com', '2018-01-08 21:04:34', NULL, 1),
	(225, 5, 2, 'usuario-normal', 'usra0af83541f3f220216a1535f101570395a5396dfbd091', NULL, 'Jonathan', 'Hernández', '', '0gGSybnmwZe__OrhDOGk9ZaeB1afMeCm', '$2y$13$j3bFh1IYTavmgaGQjo7JK.tMAAjMEdq1mYOe196NbQaQUodPkUQ1W', NULL, 'jonathan@licuadoragroup.com', '2018-01-08 21:05:52', NULL, 1),
	(226, 4, 3, 'usuario-normal', 'usr9dabc292973fb5375fb25bcd90b63cfa5a53971a514f6', NULL, 'Jorge', 'Aguilar', '', 'Po2HD38wNC3SuyIZobmowC2XO71nxy0q', '$2y$13$BqAWEtJOFqLKAb2RFasmS.Vhbfpl0FGh7BN6m0UfmPCrLCkaL2MWG', NULL, 'jorge@licuadoragroup.com', '2018-01-08 21:06:50', NULL, 1),
	(227, 4, 3, 'usuario-normal', 'usr577fa425797d1be16f3513290e8b9b0b5a539763d3a21', NULL, 'José', 'Arroyo', '', 'Ip7nlGzh4iAqwmWe9_2Y-8Q5UMDB2WUI', '$2y$13$L/abhZ.JAv7gKKrhwk93Aud3HOHE/zdWI3i/n3r2CuvKR5GRqB93K', NULL, 'jose@licuadoragroup.com', '2018-01-08 21:08:04', NULL, 1),
	(228, 5, 3, 'usuario-normal', 'usr631a87b810d5ea275069088f836250105a5397ab2f815', NULL, 'Juan Antonio', 'Figueroa', '', 'A-0Zxe_O5hC2v-UaKaqJeRadXx5Xrjxu', '$2y$13$kJo2XhX5Jpl5MlQC5yrKoOKuA4xq.2DNktUv3ZgrkmEkxmjpCRSnG', NULL, 'juan@licuadoragroup.com', '2018-01-08 21:09:15', NULL, 1),
	(229, 3, 3, 'usuario-normal', 'usra4eeee410e3547c9c1946ede1e0eef845a539924b964d', NULL, 'Juan Carlos', 'Galicia', '', 'ZX-eVvqSs2r2O4KB4oK1pRdl2sqFH1O4', '$2y$13$6LWV/WV9AJZJx360nAtdnuD.fm1bKLRpfbm72D4zls5yh4neYURS6', NULL, 'licuadorastudio7@gmail.com', '2018-01-08 21:15:33', NULL, 1),
	(230, 5, 3, 'usuario-normal', 'usr8bffeb2eaecf25f187e05f84adab4a545a5399d223c11', NULL, 'Samantha', 'Camacho', '', 'IpNmE-kFc2DloXs6qSgDkxj6UnEOICr_', '$2y$13$/Gh7Fri8MFD7fXrfe3jA0.k5HdGaC8Y8R/BQjVBXzDNW0hob9YAMC', NULL, 'samantha@licuadoragroup.com', '2018-01-08 21:18:26', NULL, 1),
	(231, 2, 2, 'usuario-normal', 'usrf900cbcd027f21af96a0f03876116b275a539aeb438da', NULL, 'Laura', 'Muñoz', '', 'Vgi6HDUizoFFogeOmf1SEqXOdey9YKZF', '$2y$13$0H2w5cABCkfPMlO1frLaXeQVZQdo28nzkNd9E9/xvMyy3WS0kdimG', NULL, 'lauram@licuadoragroup.com', '2018-01-08 21:23:07', NULL, 1),
	(232, 2, 2, 'usuario-normal', 'usr81b85f895d6a275ef379597bd43c721b5a539b5237af5', NULL, 'Laura', 'Padilla', '', 'z1J6fHeX8VY31JOu1TOK3jGS_-1y1yQ0', '$2y$13$VGq6TbQWZayM.Nsjp5tCjeAwTJIBRcB2EzVBIwcVjjwEoXebzO6e2', NULL, 'laura@licuadoragroup.com', '2018-01-08 21:24:50', NULL, 1),
	(233, 1, 3, 'usuario-normal', 'usr7c3e620ee6731400e30420c6145292e95a539b91a8cc8', NULL, 'Luis', 'Murillo', '', 'gCIdOlDeyy0KizSI5KjUWGtD4r2NH0_l', '$2y$13$UV/i62Hxc984NEOoxA/df.yj4huO5eG6FIf0BGC4P6iNF8dGecpXi', NULL, 'luis@licuadoragroup.com', '2018-01-08 21:25:54', NULL, 1),
	(234, 6, 3, 'usuario-normal', 'usreaadd82dc13c09ef540b3d6d7419f9865a539c079b7eb', NULL, 'Miguel Ángel', 'Arroyo', '', 'AuwS3qNYTSKS34DUGb3Wmrja4cbiwqsY', '$2y$13$DWVZ39xIoN53X5QyujnU4ubIFzHpHKeWrtpDjsBYDsSZ9/c4RjVkG', NULL, 'miguel@liuadoragroup.com', '2018-01-08 21:27:52', NULL, 1),
	(235, 2, 3, 'usuario-normal', 'usr12743328f8f6af6839941f21b7f9193f5a539c3f5c9c2', NULL, 'Montserrat', 'Berzunza', '', '-Qbuv73zV1soA5R9fjp1pcRahKH-rYJh', '$2y$13$WCbQbX.K9TtOJTUnG0kIjO6wEIeSkxIYE1OeDPSA13ShVRZqFEUbW', NULL, 'montserrat@licuadoragroup.com', '2018-01-08 21:28:47', NULL, 1),
	(236, 4, 2, 'usuario-normal', 'usrc736962ddf327ee02607d7019cb2fbaf5a539cc7dd77a', NULL, 'Pamela', 'Parodi', '', 'aOGkYI4ulhkaYXJqzC0fNBFaNTdnzTyK', '$2y$13$go.dehXoiIzixKwrnOpj6.yiWdGZ2ItsY2Pbo2AyHQjHOyN7WrIiW', NULL, 'pamela@licuadoragroup.com', '2018-01-08 21:31:04', NULL, 1),
	(237, 3, 3, 'usuario-normal', 'usr0b6602056922f1ba38152e60031877f15a539d128a25f', NULL, 'Ricardo', 'López', '', 'Q2l2JQ2AbqMd7iKnqOjGzTYOT0Lsplx4', '$2y$13$TlbAmpAVM7Bdaso0NNTF0uocAxTBg9YvpEtpQpwyd81U2jA8sHr4K', NULL, 'licuadorastudio8@gmail.com', '2018-01-08 21:32:19', NULL, 1),
	(238, 3, 3, 'usuario-normal', 'usr27a0dc83cf05c577efde06d6b5a033b05a539d5b6837e', NULL, 'Roberto Carlos', 'Guerrero', '', '-yRFXpifWJrvSmpgafJHNC047tKoQSJX', '$2y$13$.crG3M.s7vixzYIZxU9oaeoNxG9VreLN2N4p6J8Yvs52x6DvLE/tW', NULL, 'licuadorastudio9@gmail.com', '2018-01-08 21:33:32', NULL, 1),
	(239, 4, 2, 'usuario-normal', 'usr006ca11e35a7e5de7ba0567e96d1751e5a539dd36d203', NULL, 'Verónica', 'Segura', '', '23rVUWBOO3CIzfSxDUOGv3YT4kwF0NaZ', '$2y$13$yClEf1DGne9wqBsdYnE00uOgivhzcgZxh81oteNT.uWkzghame6rW', NULL, 'alfredo@2gom.com.mx', '2018-01-08 21:35:32', NULL, 2),
	(240, 3, 3, 'usuario-normal', 'usr08263ae2e000d9bc86af9db1d5ccf9645a539e217bcde', NULL, 'Víctor Andrés', 'López', '', 'Wb9geByaLkrJ6CaREHDXDs68usGwL9FP', '$2y$13$zXX1/zaJxyPqMgs85DFemeikv.tOGpCjEV.wvySXA93flZY9ueTue', NULL, 'licuadorastudio10@gmail.com', '2018-01-08 21:36:50', NULL, 1);
/*!40000 ALTER TABLE `mod_usuarios_ent_usuarios` ENABLE KEYS */;

-- Volcando estructura para tabla gomcommx_qa-rh-evaluaciones.mod_usuarios_ent_usuarios_activacion
CREATE TABLE IF NOT EXISTS `mod_usuarios_ent_usuarios_activacion` (
  `id_usuario_activacion` int(10) unsigned NOT NULL AUTO_INCREMENT,
  `id_usuario` int(10) unsigned NOT NULL,
  `txt_token` varchar(60) NOT NULL,
  `txt_ip_activacion` varchar(60) DEFAULT NULL,
  `fch_creacion` timestamp NOT NULL DEFAULT CURRENT_TIMESTAMP,
  `fch_activacion` timestamp NULL DEFAULT NULL,
  PRIMARY KEY (`id_usuario_activacion`),
  UNIQUE KEY `txt_token` (`txt_token`),
  KEY `FK_ent_usuarios_activacion_ent_usuarios` (`id_usuario`)
) ENGINE=InnoDB DEFAULT CHARSET=utf8;

-- Volcando datos para la tabla gomcommx_qa-rh-evaluaciones.mod_usuarios_ent_usuarios_activacion: ~2 rows (aproximadamente)
/*!40000 ALTER TABLE `mod_usuarios_ent_usuarios_activacion` DISABLE KEYS */;
INSERT INTO `mod_usuarios_ent_usuarios_activacion` (`id_usuario_activacion`, `id_usuario`, `txt_token`, `txt_ip_activacion`, `fch_creacion`, `fch_activacion`) VALUES
	(2, 18, 'actae983da694f16d4c62c9b7a5c47a601859dfdeac045ab', NULL, '2017-10-13 13:29:16', NULL),
	(3, 18, 'actd2d72493bb09dfb496f8708117c7855459dfdec245253', NULL, '2017-10-13 13:29:38', NULL);
/*!40000 ALTER TABLE `mod_usuarios_ent_usuarios_activacion` ENABLE KEYS */;

-- Volcando estructura para tabla gomcommx_qa-rh-evaluaciones.mod_usuarios_ent_usuarios_cambio_pass
CREATE TABLE IF NOT EXISTS `mod_usuarios_ent_usuarios_cambio_pass` (
  `id_usuario_cambio_pass` int(10) unsigned NOT NULL AUTO_INCREMENT,
  `id_usuario` int(10) unsigned NOT NULL,
  `txt_token` varchar(60) NOT NULL COMMENT 'Token del registro',
  `txt_ip` varchar(20) NOT NULL COMMENT 'Ip del usuario donde pidio el cambio de pass',
  `txt_ip_cambio` varchar(20) DEFAULT NULL COMMENT 'Ip del usuario donde cambio el pass',
  `fch_creacion` timestamp NOT NULL DEFAULT CURRENT_TIMESTAMP COMMENT 'Fecha de creacion de registro',
  `fch_finalizacion` timestamp NULL DEFAULT NULL COMMENT 'Fecha de expiracion de la solicitud de cambio de pass',
  `fch_peticion_usada` timestamp NULL DEFAULT NULL COMMENT 'Fecha en la cual se utilizo la peticion',
  `b_usado` int(1) unsigned NOT NULL DEFAULT '0' COMMENT 'Booleano para saber si el usuario ha usado la peticion',
  PRIMARY KEY (`id_usuario_cambio_pass`),
  KEY `FK_ent_usuarios_cambio_pass_ent_usuarios` (`id_usuario`)
) ENGINE=InnoDB DEFAULT CHARSET=utf8;

-- Volcando datos para la tabla gomcommx_qa-rh-evaluaciones.mod_usuarios_ent_usuarios_cambio_pass: ~0 rows (aproximadamente)
/*!40000 ALTER TABLE `mod_usuarios_ent_usuarios_cambio_pass` DISABLE KEYS */;
/*!40000 ALTER TABLE `mod_usuarios_ent_usuarios_cambio_pass` ENABLE KEYS */;

-- Volcando estructura para tabla gomcommx_qa-rh-evaluaciones.mod_usuarios_ent_usuarios_facebook
CREATE TABLE IF NOT EXISTS `mod_usuarios_ent_usuarios_facebook` (
  `id_usuario_facebook` int(10) unsigned NOT NULL AUTO_INCREMENT,
  `id_usuario` int(10) unsigned NOT NULL,
  `id_facebook` bigint(20) NOT NULL,
  `txt_url_photo` bigint(20) DEFAULT NULL,
  PRIMARY KEY (`id_usuario_facebook`),
  UNIQUE KEY `id_usuario` (`id_usuario`),
  UNIQUE KEY `id_facebook` (`id_facebook`)
) ENGINE=InnoDB DEFAULT CHARSET=utf8;

-- Volcando datos para la tabla gomcommx_qa-rh-evaluaciones.mod_usuarios_ent_usuarios_facebook: ~0 rows (aproximadamente)
/*!40000 ALTER TABLE `mod_usuarios_ent_usuarios_facebook` DISABLE KEYS */;
/*!40000 ALTER TABLE `mod_usuarios_ent_usuarios_facebook` ENABLE KEYS */;

-- Volcando estructura para tabla gomcommx_qa-rh-evaluaciones.rel_cuestionario_niveles
CREATE TABLE IF NOT EXISTS `rel_cuestionario_niveles` (
  `id_cuestionario` int(10) unsigned NOT NULL,
  `id_nivel` int(10) unsigned NOT NULL,
  `num_puntuacion` int(10) unsigned NOT NULL DEFAULT '0',
  KEY `FK__ent_cuestionario_area` (`id_cuestionario`),
  KEY `FK__cat_areas_cuestionario` (`id_nivel`),
  CONSTRAINT `FK__cat_areas_cuestionario` FOREIGN KEY (`id_nivel`) REFERENCES `cat_niveles` (`id_nivel`) ON DELETE CASCADE ON UPDATE CASCADE,
  CONSTRAINT `FK__ent_cuestionario_area` FOREIGN KEY (`id_cuestionario`) REFERENCES `ent_cuestionario` (`id_cuestionario`) ON DELETE CASCADE ON UPDATE CASCADE
) ENGINE=InnoDB DEFAULT CHARSET=latin1;

-- Volcando datos para la tabla gomcommx_qa-rh-evaluaciones.rel_cuestionario_niveles: ~17 rows (aproximadamente)
/*!40000 ALTER TABLE `rel_cuestionario_niveles` DISABLE KEYS */;
INSERT INTO `rel_cuestionario_niveles` (`id_cuestionario`, `id_nivel`, `num_puntuacion`) VALUES
	(1, 1, 5),
	(1, 2, 4),
	(1, 3, 3),
	(3, 1, 5),
	(3, 2, 4),
	(3, 3, 3),
	(5, 1, 4),
	(5, 2, 3),
	(5, 3, 2),
	(6, 1, 5),
	(6, 2, 4),
	(4, 1, 4),
	(4, 2, 4),
	(4, 3, 2),
	(2, 1, 5),
	(2, 2, 3),
	(2, 3, 2);
/*!40000 ALTER TABLE `rel_cuestionario_niveles` ENABLE KEYS */;

-- Volcando estructura para tabla gomcommx_qa-rh-evaluaciones.rel_usuario_area
CREATE TABLE IF NOT EXISTS `rel_usuario_area` (
  `id_usuario` int(11) unsigned NOT NULL,
  `id_area` int(10) unsigned NOT NULL,
  KEY `FK__mod_usuarios_ent_usuarios` (`id_usuario`),
  KEY `FK_rel_usuario_area_cat_areas` (`id_area`),
  CONSTRAINT `FK__mod_usuarios_ent_usuarios` FOREIGN KEY (`id_usuario`) REFERENCES `mod_usuarios_ent_usuarios` (`id_usuario`) ON DELETE CASCADE ON UPDATE CASCADE,
  CONSTRAINT `FK_rel_usuario_area_cat_areas` FOREIGN KEY (`id_area`) REFERENCES `cat_areas` (`id_area`) ON DELETE CASCADE ON UPDATE CASCADE
) ENGINE=InnoDB DEFAULT CHARSET=latin1;

-- Volcando datos para la tabla gomcommx_qa-rh-evaluaciones.rel_usuario_area: ~0 rows (aproximadamente)
/*!40000 ALTER TABLE `rel_usuario_area` DISABLE KEYS */;
/*!40000 ALTER TABLE `rel_usuario_area` ENABLE KEYS */;

-- Volcando estructura para tabla gomcommx_qa-rh-evaluaciones.rel_usuario_cuestionario
CREATE TABLE IF NOT EXISTS `rel_usuario_cuestionario` (
  `id_usuario_cuestionario` int(10) unsigned NOT NULL AUTO_INCREMENT,
  `id_usuario` int(11) unsigned NOT NULL,
  `id_usuario_calificado` int(11) unsigned NOT NULL,
  `id_evaluacion` int(10) unsigned NOT NULL,
  `b_completado` int(1) unsigned DEFAULT '0',
  `txt_tipo_evaluacion` varchar(100) DEFAULT NULL,
  `fch_creacion` timestamp NOT NULL DEFAULT CURRENT_TIMESTAMP,
  PRIMARY KEY (`id_usuario_cuestionario`),
  KEY `FK__mod_usuarios_ent_usuarios_cuest` (`id_usuario`),
  KEY `FK_rel_usuario_cuestionario_mod_usuarios_ent_usuarios` (`id_usuario_calificado`),
  KEY `FK_rel_usuario_cuestionario_ent_evaluaciones` (`id_evaluacion`),
  CONSTRAINT `FK__mod_usuarios_ent_usuarios_cuest` FOREIGN KEY (`id_usuario`) REFERENCES `mod_usuarios_ent_usuarios` (`id_usuario`) ON DELETE CASCADE ON UPDATE CASCADE,
  CONSTRAINT `FK_rel_usuario_cuestionario_ent_evaluaciones` FOREIGN KEY (`id_evaluacion`) REFERENCES `ent_evaluaciones` (`id_evaluacion`) ON DELETE CASCADE ON UPDATE CASCADE,
  CONSTRAINT `FK_rel_usuario_cuestionario_mod_usuarios_ent_usuarios` FOREIGN KEY (`id_usuario_calificado`) REFERENCES `mod_usuarios_ent_usuarios` (`id_usuario`) ON DELETE CASCADE ON UPDATE CASCADE
) ENGINE=InnoDB DEFAULT CHARSET=latin1;

-- Volcando datos para la tabla gomcommx_qa-rh-evaluaciones.rel_usuario_cuestionario: ~207 rows (aproximadamente)
/*!40000 ALTER TABLE `rel_usuario_cuestionario` DISABLE KEYS */;
INSERT INTO `rel_usuario_cuestionario` (`id_usuario_cuestionario`, `id_usuario`, `id_usuario_calificado`, `id_evaluacion`, `b_completado`, `txt_tipo_evaluacion`, `fch_creacion`) VALUES
	(78, 203, 203, 1, 0, 'Autoevaluación', '2018-01-09 18:30:15'),
	(79, 203, 205, 1, 0, 'Colaborador', '2018-01-09 18:30:15'),
	(80, 204, 204, 1, 0, 'Autoevaluación', '2018-01-09 18:30:15'),
	(81, 204, 214, 1, 0, 'Co-worker', '2018-01-09 18:30:15'),
	(82, 204, 221, 1, 0, 'Co-worker', '2018-01-09 18:30:15'),
	(83, 204, 224, 1, 0, 'Co-worker', '2018-01-09 18:30:15'),
	(84, 204, 229, 1, 0, 'Co-worker', '2018-01-09 18:30:15'),
	(85, 204, 201, 1, 0, 'Co-worker', '2018-01-09 18:30:15'),
	(86, 204, 237, 1, 0, 'Co-worker', '2018-01-09 18:30:15'),
	(87, 204, 238, 1, 0, 'Co-worker', '2018-01-09 18:30:15'),
	(88, 204, 240, 1, 0, 'Co-worker', '2018-01-09 18:30:15'),
	(89, 205, 203, 1, 0, 'Co-worker', '2018-01-09 18:30:15'),
	(90, 205, 205, 1, 0, 'Autoevaluación', '2018-01-09 18:30:15'),
	(91, 205, 197, 1, 0, 'Co-worker', '2018-01-09 18:30:15'),
	(92, 205, 209, 1, 0, 'Co-worker', '2018-01-09 18:30:15'),
	(93, 205, 211, 1, 0, 'Co-worker', '2018-01-09 18:30:15'),
	(94, 205, 218, 1, 0, 'Co-worker', '2018-01-09 18:30:15'),
	(95, 205, 227, 1, 0, 'Co-worker', '2018-01-09 18:30:15'),
	(96, 196, 196, 1, 0, 'Autoevaluación', '2018-01-09 18:30:15'),
	(97, 196, 213, 1, 0, 'Jefe', '2018-01-09 18:30:15'),
	(98, 196, 215, 1, 0, 'Jefe', '2018-01-09 18:30:15'),
	(99, 196, 218, 1, 0, 'Co-worker', '2018-01-09 18:30:15'),
	(100, 196, 202, 1, 0, 'Jefe', '2018-01-09 18:30:15'),
	(101, 196, 200, 1, 0, 'Co-worker', '2018-01-09 18:30:15'),
	(102, 196, 201, 1, 0, 'Jefe', '2018-01-09 18:30:15'),
	(103, 196, 237, 1, 0, 'Co-worker', '2018-01-09 18:30:15'),
	(104, 196, 195, 1, 0, 'Co-worker', '2018-01-09 18:30:15'),
	(105, 196, 193, 1, 0, 'Co-worker', '2018-01-09 18:30:15'),
	(106, 196, 240, 1, 0, 'Co-worker', '2018-01-09 18:30:15'),
	(107, 198, 204, 1, 0, 'Co-worker', '2018-01-09 18:30:15'),
	(108, 198, 198, 1, 0, 'Autoevaluación', '2018-01-09 18:30:15'),
	(109, 198, 207, 1, 0, 'Jefe', '2018-01-09 18:30:15'),
	(110, 198, 213, 1, 0, 'Co-worker', '2018-01-09 18:30:15'),
	(111, 198, 202, 1, 0, 'Co-worker', '2018-01-09 18:30:15'),
	(112, 198, 222, 1, 0, 'Co-worker', '2018-01-09 18:30:15'),
	(113, 198, 233, 1, 0, 'Co-worker', '2018-01-09 18:30:15'),
	(114, 198, 199, 1, 0, 'Jefe', '2018-01-09 18:30:15'),
	(115, 198, 230, 1, 0, 'Co-worker', '2018-01-09 18:30:15'),
	(116, 198, 193, 1, 0, 'Co-worker', '2018-01-09 18:30:15'),
	(117, 206, 206, 1, 0, 'Autoevaluación', '2018-01-09 18:30:15'),
	(118, 206, 223, 1, 0, 'Co-worker', '2018-01-09 18:30:15'),
	(119, 206, 231, 1, 0, 'Co-worker', '2018-01-09 18:30:15'),
	(120, 206, 235, 1, 0, 'Co-worker', '2018-01-09 18:30:15'),
	(121, 207, 207, 1, 0, 'Autoevaluación', '2018-01-09 18:30:15'),
	(122, 197, 197, 1, 0, 'Autoevaluación', '2018-01-09 18:30:15'),
	(123, 197, 236, 1, 0, 'Co-worker', '2018-01-09 18:30:15'),
	(124, 197, 230, 1, 0, 'Co-worker', '2018-01-09 18:30:15'),
	(125, 197, 195, 1, 0, 'Colaborador', '2018-01-09 18:30:15'),
	(126, 208, 208, 1, 0, 'Autoevaluación', '2018-01-09 18:30:15'),
	(127, 208, 222, 1, 0, 'Co-worker', '2018-01-09 18:30:15'),
	(128, 208, 232, 1, 0, 'Co-worker', '2018-01-09 18:30:15'),
	(129, 209, 209, 1, 0, 'Autoevaluación', '2018-01-09 18:30:15'),
	(130, 209, 211, 1, 0, 'Colaborador', '2018-01-09 18:30:15'),
	(131, 210, 210, 1, 0, 'Autoevaluación', '2018-01-09 18:30:15'),
	(132, 211, 203, 1, 0, 'Co-worker', '2018-01-09 18:30:15'),
	(133, 211, 211, 1, 0, 'Autoevaluación', '2018-01-09 18:30:15'),
	(134, 211, 225, 1, 0, 'Co-worker', '2018-01-09 18:30:15'),
	(135, 211, 228, 1, 0, 'Co-worker', '2018-01-09 18:30:15'),
	(136, 212, 212, 1, 0, 'Autoevaluación', '2018-01-09 18:30:15'),
	(137, 212, 234, 1, 0, 'Colaborador', '2018-01-09 18:30:15'),
	(138, 213, 212, 1, 0, 'Jefe', '2018-01-09 18:30:15'),
	(139, 213, 213, 1, 0, 'Autoevaluación', '2018-01-09 18:30:15'),
	(140, 213, 215, 1, 0, 'Co-worker', '2018-01-09 18:30:15'),
	(141, 213, 216, 1, 0, 'Co-worker', '2018-01-09 18:30:15'),
	(142, 213, 217, 1, 0, 'Co-worker', '2018-01-09 18:30:15'),
	(143, 213, 220, 1, 0, 'Co-worker', '2018-01-09 18:30:15'),
	(144, 213, 202, 1, 0, 'Co-worker', '2018-01-09 18:30:15'),
	(145, 213, 234, 1, 0, 'Jefe', '2018-01-09 18:30:15'),
	(146, 214, 204, 1, 0, 'Colaborador', '2018-01-09 18:30:15'),
	(147, 214, 210, 1, 0, 'Co-worker', '2018-01-09 18:30:15'),
	(148, 214, 212, 1, 0, 'Co-worker', '2018-01-09 18:30:15'),
	(149, 214, 214, 1, 0, 'Autoevaluación', '2018-01-09 18:30:15'),
	(150, 214, 215, 1, 0, 'Colaborador', '2018-01-09 18:30:15'),
	(151, 214, 216, 1, 0, 'Co-worker', '2018-01-09 18:30:15'),
	(152, 214, 217, 1, 0, 'Co-worker', '2018-01-09 18:30:15'),
	(153, 214, 220, 1, 0, 'Co-worker', '2018-01-09 18:30:15'),
	(154, 214, 234, 1, 0, 'Co-worker', '2018-01-09 18:30:15'),
	(155, 214, 201, 1, 0, 'Colaborador', '2018-01-09 18:30:15'),
	(156, 215, 210, 1, 0, 'Co-worker', '2018-01-09 18:30:15'),
	(157, 215, 213, 1, 0, 'Co-worker', '2018-01-09 18:30:15'),
	(158, 215, 214, 1, 0, 'Co-worker', '2018-01-09 18:30:15'),
	(159, 215, 215, 1, 0, 'Autoevaluación', '2018-01-09 18:30:15'),
	(160, 216, 216, 1, 0, 'Autoevaluación', '2018-01-09 18:30:15'),
	(161, 217, 217, 1, 0, 'Autoevaluación', '2018-01-09 18:30:15'),
	(162, 218, 203, 1, 0, 'Jefe', '2018-01-09 18:30:15'),
	(163, 218, 205, 1, 0, 'Jefe', '2018-01-09 18:30:15'),
	(164, 218, 206, 1, 0, 'Jefe', '2018-01-09 18:30:15'),
	(165, 218, 218, 1, 0, 'Autoevaluación', '2018-01-09 18:30:15'),
	(166, 218, 223, 1, 0, 'Jefe', '2018-01-09 18:30:15'),
	(167, 218, 225, 1, 0, 'Co-worker', '2018-01-09 18:30:15'),
	(168, 218, 226, 1, 0, 'Jefe', '2018-01-09 18:30:15'),
	(169, 218, 227, 1, 0, 'Jefe', '2018-01-09 18:30:15'),
	(170, 218, 236, 1, 0, 'Jefe', '2018-01-09 18:30:15'),
	(171, 218, 239, 1, 0, 'Jefe', '2018-01-09 18:30:15'),
	(172, 219, 219, 1, 0, 'Autoevaluación', '2018-01-09 18:30:15'),
	(173, 219, 200, 1, 0, 'Colaborador', '2018-01-09 18:30:15'),
	(174, 220, 220, 1, 0, 'Autoevaluación', '2018-01-09 18:30:15'),
	(175, 221, 221, 1, 0, 'Autoevaluación', '2018-01-09 18:30:15'),
	(176, 194, 194, 1, 0, 'Autoevaluación', '2018-01-09 18:30:15'),
	(177, 194, 199, 1, 0, 'Co-worker', '2018-01-09 18:30:15'),
	(178, 194, 193, 1, 0, 'Colaborador', '2018-01-09 18:30:15'),
	(179, 202, 196, 1, 0, 'Colaborador', '2018-01-09 18:30:15'),
	(180, 202, 212, 1, 0, 'Co-worker', '2018-01-09 18:30:15'),
	(181, 202, 221, 1, 0, 'Co-worker', '2018-01-09 18:30:15'),
	(182, 202, 202, 1, 0, 'Autoevaluación', '2018-01-09 18:30:15'),
	(183, 202, 234, 1, 0, 'Co-worker', '2018-01-09 18:30:15'),
	(184, 222, 215, 1, 0, 'Co-worker', '2018-01-09 18:30:15'),
	(185, 222, 219, 1, 0, 'Co-worker', '2018-01-09 18:30:15'),
	(186, 222, 222, 1, 0, 'Autoevaluación', '2018-01-09 18:30:15'),
	(187, 222, 231, 1, 0, 'Colaborador', '2018-01-09 18:30:15'),
	(188, 222, 199, 1, 0, 'Co-worker', '2018-01-09 18:30:15'),
	(189, 223, 206, 1, 0, 'Co-worker', '2018-01-09 18:30:15'),
	(190, 223, 208, 1, 0, 'Co-worker', '2018-01-09 18:30:15'),
	(191, 223, 223, 1, 0, 'Autoevaluación', '2018-01-09 18:30:15'),
	(192, 224, 224, 1, 0, 'Autoevaluación', '2018-01-09 18:30:15'),
	(193, 225, 205, 1, 0, 'Co-worker', '2018-01-09 18:30:15'),
	(194, 225, 197, 1, 0, 'Co-worker', '2018-01-09 18:30:15'),
	(195, 225, 211, 1, 0, 'Co-worker', '2018-01-09 18:30:15'),
	(196, 225, 225, 1, 0, 'Autoevaluación', '2018-01-09 18:30:15'),
	(197, 225, 227, 1, 0, 'Co-worker', '2018-01-09 18:30:15'),
	(198, 226, 226, 1, 0, 'Autoevaluación', '2018-01-09 18:30:15'),
	(199, 226, 236, 1, 0, 'Colaborador', '2018-01-09 18:30:15'),
	(200, 227, 218, 1, 0, 'Colaborador', '2018-01-09 18:30:15'),
	(201, 227, 227, 1, 0, 'Autoevaluación', '2018-01-09 18:30:15'),
	(202, 228, 197, 1, 0, 'Colaborador', '2018-01-09 18:30:15'),
	(203, 228, 228, 1, 0, 'Autoevaluación', '2018-01-09 18:30:15'),
	(204, 228, 239, 1, 0, 'Co-worker', '2018-01-09 18:30:15'),
	(205, 229, 229, 1, 0, 'Autoevaluación', '2018-01-09 18:30:15'),
	(206, 200, 196, 1, 0, 'Co-worker', '2018-01-09 18:30:15'),
	(207, 200, 198, 1, 0, 'Co-worker', '2018-01-09 18:30:15'),
	(208, 200, 206, 1, 0, 'Co-worker', '2018-01-09 18:30:15'),
	(209, 200, 208, 1, 0, 'Jefe', '2018-01-09 18:30:15'),
	(210, 200, 219, 1, 0, 'Jefe', '2018-01-09 18:30:15'),
	(211, 200, 222, 1, 0, 'Jefe', '2018-01-09 18:30:15'),
	(212, 200, 223, 1, 0, 'Co-worker', '2018-01-09 18:30:15'),
	(213, 200, 200, 1, 0, 'Autoevaluación', '2018-01-09 18:30:15'),
	(214, 200, 231, 1, 0, 'Jefe', '2018-01-09 18:30:15'),
	(215, 200, 232, 1, 0, 'Jefe', '2018-01-09 18:30:15'),
	(216, 200, 235, 1, 0, 'Jefe', '2018-01-09 18:30:15'),
	(217, 231, 231, 1, 0, 'Autoevaluación', '2018-01-09 18:30:15'),
	(218, 232, 208, 1, 0, 'Co-worker', '2018-01-09 18:30:15'),
	(219, 232, 229, 1, 0, 'Co-worker', '2018-01-09 18:30:15'),
	(220, 232, 231, 1, 0, 'Co-worker', '2018-01-09 18:30:15'),
	(221, 232, 232, 1, 0, 'Autoevaluación', '2018-01-09 18:30:15'),
	(222, 232, 235, 1, 0, 'Co-worker', '2018-01-09 18:30:15'),
	(223, 232, 238, 1, 0, 'Co-worker', '2018-01-09 18:30:15'),
	(224, 233, 233, 1, 0, 'Autoevaluación', '2018-01-09 18:30:15'),
	(225, 233, 199, 1, 0, 'Colaborador', '2018-01-09 18:30:15'),
	(226, 234, 212, 1, 0, 'Colaborador', '2018-01-09 18:30:15'),
	(227, 234, 213, 1, 0, 'Colaborador', '2018-01-09 18:30:15'),
	(228, 234, 234, 1, 0, 'Autoevaluación', '2018-01-09 18:30:15'),
	(229, 201, 204, 1, 0, 'Jefe', '2018-01-09 18:30:15'),
	(230, 201, 196, 1, 0, 'Co-worker', '2018-01-09 18:30:15'),
	(231, 201, 210, 1, 0, 'Jefe', '2018-01-09 18:30:15'),
	(232, 201, 214, 1, 0, 'Jefe', '2018-01-09 18:30:15'),
	(233, 201, 216, 1, 0, 'Jefe', '2018-01-09 18:30:15'),
	(234, 201, 217, 1, 0, 'Jefe', '2018-01-09 18:30:15'),
	(235, 201, 220, 1, 0, 'Jefe', '2018-01-09 18:30:15'),
	(236, 201, 221, 1, 0, 'Jefe', '2018-01-09 18:30:15'),
	(237, 201, 224, 1, 0, 'Jefe', '2018-01-09 18:30:15'),
	(238, 201, 229, 1, 0, 'Jefe', '2018-01-09 18:30:15'),
	(239, 201, 232, 1, 0, 'Co-worker', '2018-01-09 18:30:15'),
	(240, 201, 201, 1, 0, 'Autoevaluación', '2018-01-09 18:30:15'),
	(241, 201, 237, 1, 0, 'Jefe', '2018-01-09 18:30:15'),
	(242, 201, 238, 1, 0, 'Jefe', '2018-01-09 18:30:15'),
	(243, 201, 240, 1, 0, 'Jefe', '2018-01-09 18:30:15'),
	(244, 235, 207, 1, 0, 'Co-worker', '2018-01-09 18:30:15'),
	(245, 235, 208, 1, 0, 'Colaborador', '2018-01-09 18:30:15'),
	(246, 235, 224, 1, 0, 'Co-worker', '2018-01-09 18:30:15'),
	(247, 235, 232, 1, 0, 'Colaborador', '2018-01-09 18:30:15'),
	(248, 235, 201, 1, 0, 'Co-worker', '2018-01-09 18:30:15'),
	(249, 235, 235, 1, 0, 'Autoevaluación', '2018-01-09 18:30:15'),
	(250, 199, 198, 1, 0, 'Colaborador', '2018-01-09 18:30:15'),
	(251, 199, 207, 1, 0, 'Co-worker', '2018-01-09 18:30:15'),
	(252, 199, 219, 1, 0, 'Co-worker', '2018-01-09 18:30:15'),
	(253, 199, 194, 1, 0, 'Co-worker', '2018-01-09 18:30:15'),
	(254, 199, 228, 1, 0, 'Co-worker', '2018-01-09 18:30:15'),
	(255, 199, 233, 1, 0, 'Jefe', '2018-01-09 18:30:15'),
	(256, 199, 199, 1, 0, 'Autoevaluación', '2018-01-09 18:30:15'),
	(257, 236, 203, 1, 0, 'Colaborador', '2018-01-09 18:30:15'),
	(258, 236, 226, 1, 0, 'Co-worker', '2018-01-09 18:30:15'),
	(259, 236, 236, 1, 0, 'Autoevaluación', '2018-01-09 18:30:15'),
	(260, 236, 239, 1, 0, 'Co-worker', '2018-01-09 18:30:15'),
	(261, 237, 237, 1, 0, 'Autoevaluación', '2018-01-09 18:30:15'),
	(262, 238, 238, 1, 0, 'Autoevaluación', '2018-01-09 18:30:15'),
	(263, 230, 225, 1, 0, 'Colaborador', '2018-01-09 18:30:15'),
	(264, 230, 226, 1, 0, 'Co-worker', '2018-01-09 18:30:15'),
	(265, 230, 230, 1, 0, 'Autoevaluación', '2018-01-09 18:30:15'),
	(266, 195, 196, 1, 1, 'Jefe', '2018-01-09 18:30:15'),
	(267, 195, 198, 1, 1, 'Jefe', '2018-01-09 18:30:15'),
	(268, 195, 197, 1, 1, 'Jefe', '2018-01-09 18:30:15'),
	(269, 195, 209, 1, 1, 'Jefe', '2018-01-09 18:30:15'),
	(270, 195, 211, 1, 1, 'Jefe', '2018-01-09 18:30:15'),
	(271, 195, 218, 1, 1, 'Jefe', '2018-01-09 18:30:15'),
	(272, 195, 194, 1, 1, 'Co-worker', '2018-01-09 18:30:15'),
	(273, 195, 225, 1, 1, 'Jefe', '2018-01-09 18:30:15'),
	(274, 195, 228, 1, 1, 'Jefe', '2018-01-09 18:30:15'),
	(275, 195, 200, 1, 1, 'Jefe', '2018-01-09 18:30:15'),
	(276, 195, 230, 1, 1, 'Jefe', '2018-01-09 18:30:15'),
	(277, 195, 195, 1, 1, 'Autoevaluación', '2018-01-09 18:30:15'),
	(278, 195, 193, 1, 1, 'Jefe', '2018-01-09 18:30:15'),
	(279, 193, 198, 1, 0, 'Co-worker', '2018-01-09 18:30:15'),
	(280, 193, 194, 1, 0, 'Jefe', '2018-01-09 18:30:15'),
	(281, 193, 193, 1, 0, 'Autoevaluación', '2018-01-09 18:30:15'),
	(282, 239, 236, 1, 0, 'Co-worker', '2018-01-09 18:30:15'),
	(283, 239, 239, 1, 0, 'Autoevaluación', '2018-01-09 18:30:15'),
	(284, 240, 240, 1, 0, 'Autoevaluación', '2018-01-09 18:30:15');
/*!40000 ALTER TABLE `rel_usuario_cuestionario` ENABLE KEYS */;

-- Volcando estructura para tabla gomcommx_qa-rh-evaluaciones.rel_usuario_respuesta
CREATE TABLE IF NOT EXISTS `rel_usuario_respuesta` (
  `id_usuario_respuesta` int(10) unsigned NOT NULL AUTO_INCREMENT,
  `id_respuesta` int(10) unsigned NOT NULL,
  `id_pregunta` int(10) unsigned NOT NULL,
  `txt_valor` text NOT NULL,
  PRIMARY KEY (`id_usuario_respuesta`),
  KEY `FK_rel_usuario_respuesta_ent_respuestas` (`id_respuesta`),
  KEY `FK_rel_usuario_respuesta_ent_preguntas` (`id_pregunta`),
  CONSTRAINT `FK_rel_usuario_respuesta_ent_preguntas` FOREIGN KEY (`id_pregunta`) REFERENCES `ent_preguntas` (`id_pregunta`),
  CONSTRAINT `FK_rel_usuario_respuesta_ent_respuestas` FOREIGN KEY (`id_respuesta`) REFERENCES `ent_respuestas` (`id_respuesta`) ON DELETE CASCADE ON UPDATE CASCADE
) ENGINE=InnoDB DEFAULT CHARSET=latin1;

-- Volcando datos para la tabla gomcommx_qa-rh-evaluaciones.rel_usuario_respuesta: ~464 rows (aproximadamente)
/*!40000 ALTER TABLE `rel_usuario_respuesta` DISABLE KEYS */;
INSERT INTO `rel_usuario_respuesta` (`id_usuario_respuesta`, `id_respuesta`, `id_pregunta`, `txt_valor`) VALUES
	(1431, 224, 47, '4'),
	(1432, 224, 48, '5'),
	(1433, 224, 49, '4'),
	(1434, 224, 50, '3'),
	(1435, 224, 51, '2'),
	(1436, 224, 52, '1'),
	(1437, 224, 53, '2'),
	(1438, 224, 54, '3'),
	(1439, 225, 39, '4'),
	(1440, 225, 40, '5'),
	(1441, 225, 41, '4'),
	(1442, 225, 42, '3'),
	(1443, 225, 43, '2'),
	(1444, 225, 44, '1'),
	(1445, 225, 45, '2'),
	(1446, 225, 46, '3'),
	(1447, 226, 31, '4'),
	(1448, 226, 32, '5'),
	(1449, 226, 33, '4'),
	(1450, 226, 34, '3'),
	(1451, 226, 35, '2'),
	(1452, 226, 36, '1'),
	(1453, 226, 37, '2'),
	(1454, 226, 38, '3'),
	(1455, 227, 22, '3'),
	(1456, 227, 23, '3'),
	(1457, 227, 24, '4'),
	(1458, 227, 25, '4'),
	(1459, 227, 26, '1'),
	(1460, 227, 27, '4'),
	(1461, 227, 28, '2'),
	(1462, 227, 29, '3'),
	(1463, 228, 13, '5'),
	(1464, 228, 14, '3'),
	(1465, 228, 15, '4'),
	(1466, 228, 16, '3'),
	(1467, 228, 17, '5'),
	(1468, 228, 18, '4'),
	(1469, 228, 19, '5'),
	(1470, 228, 21, '5'),
	(1471, 229, 5, '5'),
	(1472, 229, 6, '3'),
	(1473, 229, 7, '4'),
	(1474, 229, 8, '4'),
	(1475, 229, 9, '3'),
	(1476, 229, 10, '5'),
	(1477, 229, 11, '5'),
	(1478, 229, 12, '4'),
	(1479, 230, 47, '1'),
	(1480, 230, 48, '2'),
	(1481, 230, 49, '3'),
	(1482, 230, 50, '4'),
	(1483, 230, 51, '5'),
	(1484, 230, 52, '4'),
	(1485, 230, 53, '3'),
	(1486, 230, 54, '2'),
	(1487, 231, 39, '1'),
	(1488, 231, 40, '2'),
	(1489, 231, 41, '3'),
	(1490, 231, 42, '4'),
	(1491, 231, 43, '5'),
	(1492, 231, 44, '4'),
	(1493, 231, 45, '3'),
	(1494, 231, 46, '2'),
	(1495, 232, 31, '1'),
	(1496, 232, 32, '2'),
	(1497, 232, 33, '3'),
	(1498, 232, 34, '4'),
	(1499, 232, 35, '5'),
	(1500, 232, 36, '4'),
	(1501, 232, 37, '3'),
	(1502, 232, 38, '2'),
	(1503, 233, 22, '1'),
	(1504, 233, 23, '2'),
	(1505, 233, 24, '3'),
	(1506, 233, 25, '4'),
	(1507, 233, 26, '5'),
	(1508, 233, 27, '4'),
	(1509, 233, 28, '3'),
	(1510, 233, 29, '2'),
	(1511, 234, 13, '1'),
	(1512, 234, 14, '2'),
	(1513, 234, 15, '3'),
	(1514, 234, 16, '4'),
	(1515, 234, 17, '5'),
	(1516, 234, 18, '4'),
	(1517, 234, 19, '3'),
	(1518, 234, 21, '2'),
	(1519, 235, 5, '1'),
	(1520, 235, 6, '2'),
	(1521, 235, 7, '3'),
	(1522, 235, 8, '4'),
	(1523, 235, 9, '5'),
	(1524, 235, 10, '4'),
	(1525, 235, 11, '3'),
	(1526, 235, 12, '2'),
	(1527, 236, 47, '1'),
	(1528, 236, 48, '2'),
	(1529, 236, 49, '3'),
	(1530, 236, 50, '4'),
	(1531, 236, 51, '5'),
	(1532, 236, 52, '4'),
	(1533, 236, 53, '3'),
	(1534, 236, 54, '2'),
	(1535, 237, 39, '1'),
	(1536, 237, 40, '2'),
	(1537, 237, 41, '3'),
	(1538, 237, 42, '4'),
	(1539, 237, 43, '5'),
	(1540, 237, 44, '4'),
	(1541, 237, 45, '3'),
	(1542, 237, 46, '2'),
	(1543, 238, 31, '1'),
	(1544, 238, 32, '1'),
	(1545, 238, 33, '3'),
	(1546, 238, 34, '4'),
	(1547, 238, 35, '5'),
	(1548, 238, 36, '4'),
	(1549, 238, 37, '3'),
	(1550, 238, 38, '2'),
	(1551, 239, 22, '1'),
	(1552, 239, 23, '2'),
	(1553, 239, 24, '3'),
	(1554, 239, 25, '4'),
	(1555, 239, 26, '5'),
	(1556, 239, 27, '4'),
	(1557, 239, 28, '3'),
	(1558, 239, 29, '2'),
	(1559, 240, 13, '1'),
	(1560, 240, 14, '2'),
	(1561, 240, 15, '3'),
	(1562, 240, 16, '4'),
	(1563, 240, 17, '5'),
	(1564, 240, 18, '4'),
	(1565, 240, 19, '3'),
	(1566, 240, 21, '2'),
	(1567, 241, 5, '1'),
	(1568, 241, 6, '2'),
	(1569, 241, 7, '3'),
	(1570, 241, 8, '4'),
	(1571, 241, 9, '5'),
	(1572, 241, 10, '4'),
	(1573, 241, 11, '3'),
	(1574, 241, 12, '2'),
	(1575, 242, 47, '1'),
	(1576, 242, 48, '2'),
	(1577, 242, 49, '3'),
	(1578, 242, 50, '4'),
	(1579, 242, 51, '5'),
	(1580, 242, 52, '4'),
	(1581, 242, 53, '3'),
	(1582, 242, 54, '2'),
	(1583, 243, 39, '1'),
	(1584, 243, 40, '2'),
	(1585, 243, 41, '3'),
	(1586, 243, 42, '4'),
	(1587, 243, 43, '5'),
	(1588, 243, 44, '4'),
	(1589, 243, 45, '3'),
	(1590, 243, 46, '2'),
	(1591, 244, 31, '1'),
	(1592, 244, 32, '2'),
	(1593, 244, 33, '3'),
	(1594, 244, 34, '4'),
	(1595, 244, 35, '5'),
	(1596, 244, 36, '4'),
	(1597, 244, 37, '3'),
	(1598, 244, 38, '2'),
	(1599, 245, 22, '1'),
	(1600, 245, 23, '2'),
	(1601, 245, 24, '3'),
	(1602, 245, 25, '4'),
	(1603, 245, 26, '5'),
	(1604, 245, 27, '4'),
	(1605, 245, 28, '3'),
	(1606, 245, 29, '2'),
	(1607, 246, 13, '1'),
	(1608, 246, 14, '2'),
	(1609, 246, 15, '3'),
	(1610, 246, 16, '4'),
	(1611, 246, 17, '5'),
	(1612, 246, 18, '4'),
	(1613, 246, 19, '3'),
	(1614, 246, 21, '2'),
	(1615, 247, 5, '1'),
	(1616, 247, 6, '2'),
	(1617, 247, 7, '3'),
	(1618, 247, 8, '4'),
	(1619, 247, 9, '5'),
	(1620, 247, 10, '4'),
	(1621, 247, 11, '3'),
	(1622, 247, 12, '2'),
	(1623, 248, 39, '1'),
	(1624, 248, 40, '2'),
	(1625, 248, 41, '3'),
	(1626, 248, 42, '4'),
	(1627, 248, 43, '5'),
	(1628, 248, 44, '4'),
	(1629, 248, 45, '3'),
	(1630, 248, 46, '2'),
	(1631, 249, 47, '1'),
	(1632, 249, 48, '2'),
	(1633, 249, 49, '3'),
	(1634, 249, 50, '4'),
	(1635, 249, 51, '5'),
	(1636, 249, 52, '4'),
	(1637, 249, 53, '3'),
	(1638, 249, 54, '2'),
	(1639, 250, 31, '1'),
	(1640, 250, 32, '2'),
	(1641, 250, 33, '3'),
	(1642, 250, 34, '4'),
	(1643, 250, 35, '5'),
	(1644, 250, 36, '4'),
	(1645, 250, 37, '3'),
	(1646, 250, 38, '2'),
	(1647, 251, 22, '1'),
	(1648, 251, 23, '2'),
	(1649, 251, 24, '3'),
	(1650, 251, 25, '4'),
	(1651, 251, 26, '5'),
	(1652, 251, 27, '4'),
	(1653, 251, 28, '3'),
	(1654, 251, 29, '2'),
	(1655, 252, 13, '1'),
	(1656, 252, 14, '2'),
	(1657, 252, 15, '3'),
	(1658, 252, 16, '4'),
	(1659, 252, 17, '5'),
	(1660, 252, 18, '4'),
	(1661, 252, 19, '3'),
	(1662, 252, 21, '2'),
	(1663, 253, 5, '1'),
	(1664, 253, 6, '2'),
	(1665, 253, 7, '3'),
	(1666, 253, 8, '4'),
	(1667, 253, 9, '5'),
	(1668, 253, 10, '4'),
	(1669, 253, 11, '3'),
	(1670, 253, 12, '2'),
	(1671, 254, 47, '1'),
	(1672, 254, 48, '1'),
	(1673, 254, 49, '1'),
	(1674, 254, 50, '1'),
	(1675, 254, 51, '1'),
	(1676, 254, 52, '1'),
	(1677, 254, 53, '1'),
	(1678, 254, 54, '1'),
	(1679, 255, 39, '1'),
	(1680, 255, 40, '1'),
	(1681, 255, 41, '1'),
	(1682, 255, 42, '1'),
	(1683, 255, 43, '1'),
	(1684, 255, 44, '1'),
	(1685, 255, 45, '1'),
	(1686, 255, 46, '1'),
	(1687, 256, 31, '1'),
	(1688, 256, 32, '1'),
	(1689, 256, 33, '1'),
	(1690, 256, 34, '1'),
	(1691, 256, 35, '1'),
	(1692, 256, 36, '1'),
	(1693, 256, 37, '1'),
	(1694, 256, 38, '1'),
	(1695, 257, 22, '1'),
	(1696, 257, 23, '1'),
	(1697, 257, 24, '1'),
	(1698, 257, 25, '1'),
	(1699, 257, 26, '1'),
	(1700, 257, 27, '1'),
	(1701, 257, 28, '1'),
	(1702, 257, 29, '1'),
	(1703, 258, 13, '1'),
	(1704, 258, 14, '1'),
	(1705, 258, 15, '1'),
	(1706, 258, 16, '1'),
	(1707, 258, 17, '1'),
	(1708, 258, 18, '1'),
	(1709, 258, 19, '1'),
	(1710, 258, 21, '1'),
	(1711, 259, 5, '1'),
	(1712, 259, 6, '1'),
	(1713, 259, 7, '1'),
	(1714, 259, 8, '1'),
	(1715, 259, 9, '1'),
	(1716, 259, 10, '1'),
	(1717, 259, 11, '1'),
	(1718, 259, 12, '1'),
	(1719, 260, 47, '1'),
	(1720, 260, 48, '2'),
	(1721, 260, 49, '3'),
	(1722, 260, 50, '4'),
	(1723, 260, 51, '5'),
	(1724, 260, 52, '4'),
	(1725, 260, 53, '3'),
	(1726, 260, 54, '2'),
	(1727, 261, 39, '1'),
	(1728, 261, 40, '2'),
	(1729, 261, 41, '3'),
	(1730, 261, 42, '4'),
	(1731, 261, 43, '5'),
	(1732, 261, 44, '4'),
	(1733, 261, 45, '3'),
	(1734, 261, 46, '2'),
	(1735, 262, 22, '1'),
	(1736, 262, 23, '2'),
	(1737, 262, 24, '3'),
	(1738, 262, 25, '4'),
	(1739, 262, 26, '5'),
	(1740, 262, 27, '4'),
	(1741, 262, 28, '3'),
	(1742, 262, 29, '2'),
	(1743, 263, 13, '1'),
	(1744, 263, 14, '2'),
	(1745, 263, 15, '3'),
	(1746, 263, 16, '4'),
	(1747, 263, 17, '5'),
	(1748, 263, 18, '4'),
	(1749, 263, 19, '3'),
	(1750, 263, 21, '2'),
	(1751, 264, 5, '1'),
	(1752, 264, 6, '2'),
	(1753, 264, 7, '3'),
	(1754, 264, 8, '4'),
	(1755, 264, 9, '5'),
	(1756, 264, 10, '4'),
	(1757, 264, 11, '3'),
	(1758, 264, 12, '2'),
	(1759, 265, 47, '1'),
	(1760, 265, 48, '2'),
	(1761, 265, 49, '3'),
	(1762, 265, 50, '4'),
	(1763, 265, 51, '5'),
	(1764, 265, 52, '4'),
	(1765, 265, 53, '3'),
	(1766, 265, 54, '2'),
	(1767, 266, 39, '1'),
	(1768, 266, 40, '2'),
	(1769, 266, 41, '3'),
	(1770, 266, 42, '4'),
	(1771, 266, 43, '5'),
	(1772, 266, 44, '4'),
	(1773, 266, 45, '3'),
	(1774, 266, 46, '2'),
	(1775, 267, 31, '1'),
	(1776, 267, 32, '2'),
	(1777, 267, 33, '3'),
	(1778, 267, 34, '4'),
	(1779, 267, 35, '5'),
	(1780, 267, 36, '4'),
	(1781, 267, 37, '3'),
	(1782, 267, 38, '2'),
	(1783, 268, 22, '1'),
	(1784, 268, 23, '2'),
	(1785, 268, 24, '3'),
	(1786, 268, 25, '4'),
	(1787, 268, 26, '5'),
	(1788, 268, 27, '4'),
	(1789, 268, 28, '3'),
	(1790, 268, 29, '2'),
	(1791, 269, 13, '1'),
	(1792, 269, 14, '2'),
	(1793, 269, 15, '3'),
	(1794, 269, 16, '4'),
	(1795, 269, 17, '5'),
	(1796, 269, 18, '4'),
	(1797, 269, 19, '3'),
	(1798, 269, 21, '2'),
	(1799, 270, 5, '1'),
	(1800, 270, 6, '2'),
	(1801, 270, 7, '3'),
	(1802, 270, 8, '4'),
	(1803, 270, 9, '5'),
	(1804, 270, 10, '4'),
	(1805, 270, 11, '3'),
	(1806, 270, 12, '2'),
	(1807, 271, 47, '1'),
	(1808, 271, 48, '2'),
	(1809, 271, 49, '3'),
	(1810, 271, 50, '4'),
	(1811, 271, 51, '5'),
	(1812, 271, 52, '4'),
	(1813, 271, 53, '3'),
	(1814, 271, 54, '2'),
	(1815, 272, 39, '1'),
	(1816, 272, 40, '2'),
	(1817, 272, 41, '3'),
	(1818, 272, 42, '4'),
	(1819, 272, 43, '5'),
	(1820, 272, 44, '4'),
	(1821, 272, 45, '3'),
	(1822, 272, 46, '2'),
	(1823, 273, 22, '1'),
	(1824, 273, 23, '2'),
	(1825, 273, 24, '3'),
	(1826, 273, 25, '4'),
	(1827, 273, 26, '5'),
	(1828, 273, 27, '4'),
	(1829, 273, 28, '3'),
	(1830, 273, 29, '2'),
	(1831, 274, 13, '1'),
	(1832, 274, 14, '2'),
	(1833, 274, 15, '3'),
	(1834, 274, 16, '4'),
	(1835, 274, 17, '5'),
	(1836, 274, 18, '4'),
	(1837, 274, 19, '3'),
	(1838, 274, 21, '2'),
	(1839, 275, 5, '1'),
	(1840, 275, 6, '2'),
	(1841, 275, 7, '3'),
	(1842, 275, 8, '4'),
	(1843, 275, 9, '5'),
	(1844, 275, 10, '4'),
	(1845, 275, 11, '3'),
	(1846, 275, 12, '2'),
	(1847, 276, 47, '1'),
	(1848, 276, 48, '2'),
	(1849, 276, 49, '3'),
	(1850, 276, 50, '4'),
	(1851, 276, 51, '5'),
	(1852, 276, 52, '4'),
	(1853, 276, 53, '3'),
	(1854, 276, 54, '2'),
	(1855, 277, 39, '1'),
	(1856, 277, 40, '2'),
	(1857, 277, 41, '3'),
	(1858, 277, 42, '4'),
	(1859, 277, 43, '5'),
	(1860, 277, 44, '4'),
	(1861, 277, 45, '3'),
	(1862, 277, 46, '2'),
	(1863, 278, 31, '1'),
	(1864, 278, 32, '2'),
	(1865, 278, 33, '3'),
	(1866, 278, 34, '4'),
	(1867, 278, 35, '5'),
	(1868, 278, 36, '4'),
	(1869, 278, 37, '3'),
	(1870, 278, 38, '2'),
	(1871, 279, 22, '1'),
	(1872, 279, 23, '2'),
	(1873, 279, 24, '3'),
	(1874, 279, 25, '4'),
	(1875, 279, 26, '5'),
	(1876, 279, 27, '4'),
	(1877, 279, 28, '3'),
	(1878, 279, 29, '2'),
	(1879, 280, 13, '1'),
	(1880, 280, 14, '2'),
	(1881, 280, 15, '3'),
	(1882, 280, 16, '4'),
	(1883, 280, 17, '5'),
	(1884, 280, 18, '4'),
	(1885, 280, 19, '3'),
	(1886, 280, 21, '2'),
	(1887, 281, 5, '1'),
	(1888, 281, 6, '2'),
	(1889, 281, 7, '3'),
	(1890, 281, 8, '4'),
	(1891, 281, 9, '5'),
	(1892, 281, 10, '4'),
	(1893, 281, 11, '3'),
	(1894, 281, 12, '2'),
	(1895, 282, 47, '1'),
	(1896, 282, 48, '2'),
	(1897, 282, 49, '3'),
	(1898, 282, 50, '4'),
	(1899, 282, 51, '5'),
	(1900, 282, 52, '4'),
	(1901, 282, 53, '3'),
	(1902, 282, 54, '2'),
	(1903, 283, 39, '1'),
	(1904, 283, 40, '2'),
	(1905, 283, 41, '3'),
	(1906, 283, 42, '4'),
	(1907, 283, 43, '5'),
	(1908, 283, 44, '4'),
	(1909, 283, 45, '3'),
	(1910, 283, 46, '2'),
	(1911, 284, 22, '1'),
	(1912, 284, 23, '2'),
	(1913, 284, 24, '3'),
	(1914, 284, 25, '4'),
	(1915, 284, 26, '5'),
	(1916, 284, 27, '4'),
	(1917, 284, 28, '3'),
	(1918, 284, 29, '2'),
	(1919, 285, 13, '1'),
	(1920, 285, 14, '2'),
	(1921, 285, 15, '3'),
	(1922, 285, 16, '4'),
	(1923, 285, 17, '5'),
	(1924, 285, 18, '4'),
	(1925, 285, 19, '3'),
	(1926, 285, 21, '2'),
	(1927, 286, 5, '1'),
	(1928, 286, 6, '2'),
	(1929, 286, 7, '3'),
	(1930, 286, 8, '4'),
	(1931, 286, 9, '5'),
	(1932, 286, 10, '4'),
	(1933, 286, 11, '3'),
	(1934, 286, 12, '2'),
	(1935, 287, 39, '5'),
	(1936, 287, 40, '4'),
	(1937, 287, 41, '3'),
	(1938, 287, 42, '2'),
	(1939, 287, 43, '1'),
	(1940, 287, 44, '2'),
	(1941, 287, 45, '3'),
	(1942, 287, 46, '4'),
	(1943, 288, 31, '5'),
	(1944, 288, 32, '4'),
	(1945, 288, 33, '3'),
	(1946, 288, 34, '2'),
	(1947, 288, 35, '1'),
	(1948, 288, 36, '2'),
	(1949, 288, 37, '3'),
	(1950, 288, 38, '4'),
	(1951, 289, 22, '5'),
	(1952, 289, 23, '4'),
	(1953, 289, 24, '3'),
	(1954, 289, 25, '2'),
	(1955, 289, 26, '1'),
	(1956, 289, 27, '2'),
	(1957, 289, 28, '3'),
	(1958, 289, 29, '4'),
	(1959, 290, 13, '5'),
	(1960, 290, 14, '4'),
	(1961, 290, 15, '3'),
	(1962, 290, 16, '2'),
	(1963, 290, 17, '1'),
	(1964, 290, 18, '2'),
	(1965, 290, 19, '3'),
	(1966, 290, 21, '4'),
	(1967, 291, 5, '5'),
	(1968, 291, 6, '4'),
	(1969, 291, 7, '3'),
	(1970, 291, 8, '2'),
	(1971, 291, 9, '1'),
	(1972, 291, 10, '2'),
	(1973, 291, 11, '3'),
	(1974, 291, 12, '4'),
	(1975, 292, 47, '1'),
	(1976, 292, 48, '2'),
	(1977, 292, 49, '3'),
	(1978, 292, 50, '4'),
	(1979, 292, 51, '5'),
	(1980, 292, 52, '4'),
	(1981, 292, 53, '3'),
	(1982, 292, 54, '2'),
	(1983, 293, 47, '1'),
	(1984, 293, 48, '2'),
	(1985, 293, 49, '3'),
	(1986, 293, 50, '4'),
	(1987, 293, 51, '5'),
	(1988, 293, 52, '4'),
	(1989, 293, 53, '3'),
	(1990, 293, 54, '2'),
	(1991, 294, 39, '1'),
	(1992, 294, 40, '2'),
	(1993, 294, 41, '3'),
	(1994, 294, 42, '4'),
	(1995, 294, 43, '5'),
	(1996, 294, 44, '4'),
	(1997, 294, 45, '3'),
	(1998, 294, 46, '2'),
	(1999, 295, 31, '1'),
	(2000, 295, 32, '2'),
	(2001, 295, 33, '3'),
	(2002, 295, 34, '4'),
	(2003, 295, 35, '5'),
	(2004, 295, 36, '4'),
	(2005, 295, 37, '3'),
	(2006, 295, 38, '2'),
	(2007, 296, 13, '1'),
	(2008, 296, 14, '2'),
	(2009, 296, 15, '3'),
	(2010, 296, 16, '4'),
	(2011, 296, 17, '5'),
	(2012, 296, 18, '4'),
	(2013, 296, 19, '3'),
	(2014, 296, 21, '2'),
	(2015, 297, 5, '1'),
	(2016, 297, 6, '2'),
	(2017, 297, 7, '3'),
	(2018, 297, 8, '4'),
	(2019, 297, 9, '5'),
	(2020, 297, 10, '4'),
	(2021, 297, 11, '3'),
	(2022, 297, 12, '2'),
	(2023, 298, 22, '1'),
	(2024, 298, 23, '2'),
	(2025, 298, 24, '3'),
	(2026, 298, 25, '4'),
	(2027, 298, 26, '5'),
	(2028, 298, 27, '4'),
	(2029, 298, 28, '3'),
	(2030, 298, 29, '2');
/*!40000 ALTER TABLE `rel_usuario_respuesta` ENABLE KEYS */;

/*!40101 SET SQL_MODE=IFNULL(@OLD_SQL_MODE, '') */;
/*!40014 SET FOREIGN_KEY_CHECKS=IF(@OLD_FOREIGN_KEY_CHECKS IS NULL, 1, @OLD_FOREIGN_KEY_CHECKS) */;
/*!40101 SET CHARACTER_SET_CLIENT=@OLD_CHARACTER_SET_CLIENT */;
